Species,hepatitis,probiotic,translocation,tumor,colitis,cirrhosis,obesity,diabetes,adhesion,commensal,cancer,abscess,infection,inflammatory bowel disease,diarrhea,diarrhoea,pain,elastase,endotoxin ,heart failure,pneumonia,depression,anxiety,sleep,neurodegenerative,ibs,lyme,stroke,psoriasis,collagenase,bacteremia,bloodstream infections,immunocompromised,fistula,allergy,bloating,necrotizing,atopic dermatitis,constipation,clostridium difficile infection,vaginosis,chondroitinase,hemolysin,hyaluronidase,chondroitin sulfatase,cholangitis,carditis,gelatinase,meningitis,encephalopathy,neuraminidase,septicemia,lupus,lecithinase,chronic fatigue syndrome,blood borne,pelvic inflammatory disease,bft,anaerobic infection,enlarged spleen,crohn's,thrombophlebitis,leukocidin,splenomegaly,immunoglobulin protease,tetanolysin,peridontal disease,cardiac health,h2s
Acidaminococcus intestini_35,0.028571429,1.285714286,0.542857143,0.314285714,0.8,0.2,1.771428571,0.571428571,0.228571429,1.028571429,3.685714286,0.057142857,6.857142857,0.828571429,0.714285714,0.028571429,0.314285714,0.057142857,0.028571429,0.028571429,0.2,0.057142857,0,0.828571429,0.342857143,0.257142857,0.428571429,0.028571429,0,0,0.085714286,0,0.028571429,0,0.028571429,0,0,0.028571429,0.085714286,0,0.085714286,0,0,0,0,0,0,0.028571429,0.057142857,0,0,0,0,0.028571429,0.057142857,0,0,0,0,0,0,0,0,0,0,0,0,0,0
Adlercreutzia equolifaciens_80,0.1875,4,0.225,2.3,2.1,0.2,3.9875,3.7375,0.925,0.8875,9.6625,0.2875,2.7625,1.475,0.6625,0.0625,0.7875,0,0.05,0.15,0.1375,0.3625,0.2125,0.05,0.225,0.6,1.0625,0.15,0.0125,0.0125,0.3375,0.025,0.0375,0.025,0.075,0.0375,0.1125,0,0.0875,0,0.0125,0,0,0,0,0.375,0.15,0,0.025,0.0625,0,0.0375,0,0,0,0,0,0,0,0,0,0,0,0.0125,0,0,0,0.025,0
Agathobacter rectalis_6,1.166666667,6.5,2,0.166666667,1.166666667,0.166666667,15,6,0,1,0.5,0,1.166666667,1.333333333,0,0,1.5,0,1,0,0,0,0,0,0,0.666666667,2.166666667,0,0,0,0,0,0,0,0.166666667,0,0,0,0,0,0,0,0,0,0,0,0,0,0,0,0,0,0,0,0,0,0,0,0,0,0,0,0,0,0,0,0,0,0
Agathobaculum desmolans_2,0,0,0,0,0,0,0,0,0,0,0,0,0,0,0,0,0,0,0,0,0,0,0,0,0,0,0,0,0,0,0,0,0,0,0,0,0,0,0.5,0,0.5,0,0,0,0,0,0,0,0,0,0,0,0,0,0,0,0,0,0,0,0,0,0,0,0,0,0,0,0
Alistipes finegoldii_133,0.360902256,2.69924812,0.390977444,4.233082707,6.203007519,0.466165414,3.390977444,1.511278195,0.142857143,1.661654135,10.31578947,0.142857143,3.578947368,2.308270677,0.857142857,0.07518797,0.744360902,0.007518797,0.112781955,0,0.571428571,0.07518797,0.015037594,0.007518797,0.030075188,0.345864662,0.781954887,0.022556391,0.097744361,0.045112782,0.203007519,0.045112782,0.022556391,0,0.285714286,0.015037594,0.037593985,0.097744361,1,0,0,0,0.015037594,0,0,0.022556391,0.052631579,0,0.060150376,0.082706767,0,0.007518797,0.090225564,0,0,0,0,0.165413534,0.037593985,0,0,0,0,0,0,0,0,0,0
Alistipes onderdonkii_45,0.044444444,1.088888889,0.177777778,0.266666667,4.177777778,0.022222222,3.444444444,1.4,0.022222222,0.866666667,0.955555556,0.2,4.933333333,1.755555556,2.911111111,0.022222222,0.244444444,0,0,0,0.622222222,1.111111111,0.711111111,0.088888889,0.066666667,0.4,0.933333333,0.022222222,0,0.155555556,0.266666667,0,0,0.044444444,0.022222222,0.044444444,0.022222222,0,0.088888889,0,0.022222222,0.066666667,0.088888889,0.066666667,0,0,0,0,0.088888889,0,0,0.022222222,0.266666667,0,0.088888889,0,0.044444444,0,0.066666667,0,0.022222222,0,0,0.022222222,0,0,0,0,0
Alistipes putredinis_149,0.22147651,3.825503356,0.536912752,0.744966443,2.510067114,0.577181208,3.308724832,1.731543624,0.201342282,1.268456376,3.241610738,0.214765101,3.32885906,1.724832215,0.657718121,0.120805369,1.093959732,0.013422819,0.147651007,0.020134228,0.248322148,0.127516779,0.11409396,0.281879195,0.120805369,0.456375839,0.604026846,0.013422819,0.060402685,0.013422819,0.140939597,0.006711409,0.013422819,0.006711409,0.214765101,0.046979866,0.033557047,0.087248322,0.651006711,0.006711409,0.020134228,0,0.067114094,0,0,0.020134228,0.087248322,0,0.053691275,0.120805369,0.053691275,0.026845638,0.026845638,0,0.342281879,0,0.006711409,0.013422819,0.026845638,0,0,0,0,0,0,0,0,0,0
Alistipes shahii_97,0.144329897,2.762886598,0.350515464,4.154639175,2.587628866,0.536082474,2.412371134,1.690721649,0.041237113,1.371134021,10.87628866,0.113402062,2.020618557,1.278350515,0.505154639,0.06185567,0.24742268,0.010309278,0.113402062,0.216494845,0.391752577,0.587628866,0.329896907,0.072164948,0.319587629,0.340206186,0.556701031,1.618556701,0.020618557,0.051546392,0.144329897,0,0.030927835,0,0.072164948,0.082474227,0,0.051546392,0.329896907,0.020618557,0,0.030927835,0.041237113,0.030927835,0,0,0.041237113,0.010309278,0.041237113,0.020618557,0,0.010309278,0.12371134,0,0.041237113,0,0,0,0.030927835,0,0.010309278,0,0,0,0,0,0,0,0
Aminipila butyrica_5,0,0,0,0,0,0,0,0,0,0,0,0,0.8,0,0,0,0.8,0,0,0,0,0,0,0,0,0,0.6,0,0,0,0,0,0,0,0,0,0,0,0,0,0,0,0,0,0,0,0,0,0,0,0,0,0,0,0,0,0,0,0,0,0,0,0,0,0,0,0,0,0
Anaerotruncus colihominis_97,0.257731959,3.546391753,0.536082474,1.350515464,2.731958763,0.391752577,2.515463918,0.835051546,0.237113402,1.536082474,2.711340206,0.092783505,3.12371134,1.783505155,1.12371134,0.113402062,0.639175258,0.020618557,0.12371134,0.06185567,0.536082474,0.237113402,0.257731959,0.175257732,0.257731959,0.268041237,0.608247423,1.536082474,0.010309278,0.082474227,0.206185567,0,0,0.020618557,0.206185567,0.216494845,0.06185567,0.082474227,0.360824742,0,0,0.030927835,0.041237113,0.030927835,0,0.030927835,0,0,0.030927835,0.164948454,0.041237113,0.010309278,0.020618557,0,0.546391753,0,0,0,0.010309278,0,0,0,0,0.010309278,0,0,0,0,0.010309278
Atopobium rimae_87,0.011494253,0.425287356,0.011494253,0.24137931,0.494252874,0.022988506,0.183908046,0.206896552,0.172413793,0.356321839,0.459770115,2.413793103,6.367816092,0.781609195,0.32183908,0.022988506,0.298850575,0.011494253,0,0,0.83908046,0,0,0,0,0.183908046,0.804597701,0.034482759,0,0.022988506,0.275862069,0.011494253,0.034482759,0.022988506,0.034482759,0.022988506,0.068965517,0,0,0,2.689655172,0,0,0.011494253,0,0,0.172413793,0,0.022988506,0.022988506,0,0.034482759,0,0.011494253,0,0,0.034482759,0,0.022988506,0,0,0,0,0,0,0,0,0,0
Bacillus cereus_500,0.252,1.81,0.188,1.314,0.14,0.016,1.106,3.016,0.46,0.25,3.266,0.044,5.528,0.04,0.612,0.114,1.232,0.022,0.026,0.032,1.568,0.108,0.144,0.082,0.092,0.18,6.256,0.286,0.024,0.012,0.166,0.034,0.066,0.016,0.022,0.008,0.166,0.006,0.04,0,0.016,0,0.12,0.01,0,0.004,0.18,0.032,0.11,0.024,0.004,0.032,0.016,0.01,0.014,0,0,0,0,0.002,0,0,0.006,0.006,0,0,0,0,0
Bacillus toyonensis_86,0,8.395348837,0.197674419,0.081395349,0.093023256,0,0.046511628,0.046511628,0.38372093,0.174418605,0.465116279,0.023255814,1.697674419,0.046511628,1.790697674,0.651162791,0.441860465,0,0.034883721,0.011627907,1.325581395,0.023255814,0,0,0.011627907,0.302325581,2.825581395,0,0,0.011627907,0.151162791,0.058139535,0.046511628,0,0.034883721,0.069767442,0.034883721,0.023255814,0.034883721,0,0.093023256,0,1.104651163,0,0,0,0.023255814,0,0.069767442,0,0,0.034883721,0,0.151162791,0,0,0,0,0,0,0,0,0,0,0,0,0,0,0
Bacteroides caccae_500,0.348,2.294,0.48,3.052,2.434,0.182,3.514,2.38,0.276,1.748,3.064,0.302,3.006,1.176,1.136,0.094,0.492,0,0.162,0.028,0.948,0.048,0.042,0.25,0.018,0.414,0.834,0.046,0.006,0.006,0.238,0.042,0.032,0.05,0.204,0.018,0.134,0.034,0.08,0,0.068,0,0.026,0.004,0.002,0.04,0.036,0.002,0.026,0.06,0.006,0.02,0.114,0.002,0.106,0,0.01,0.092,0.03,0.002,0.008,0,0,0,0,0,0,0,0
Bacteroides cellulosilyticus_171,0.035087719,1.426900585,0.093567251,0.111111111,1.643274854,0.333333333,1.520467836,0.538011696,0.128654971,1.011695906,0.432748538,0.081871345,1.385964912,0.619883041,0.520467836,0.035087719,0.18128655,0.040935673,0.023391813,0.005847953,0.461988304,0.479532164,0.064327485,0.01754386,0.070175439,0.374269006,1.333333333,0.035087719,0.005847953,0,0.046783626,0,0,0,0.035087719,0,0.011695906,0,0.076023392,0,0.01754386,0,0.040935673,0,0,0,0.029239766,0,0.023391813,0.011695906,0.005847953,0,0.011695906,0,0,0,0,0.128654971,0.052631579,0,0,0,0,0,0,0,0,0,0
Bacteroides clarus_40,0,6.225,1.075,0.75,1.975,0.175,1.775,1.2,0.375,0.575,2.725,0.125,2.05,1.625,0.55,0,0.25,0,0,0,0.2,0,0.05,0,0,0.675,1.375,0.025,0,0.1,0.05,0,0,0,0.25,0,0,0,0.025,0.025,0.575,0.075,1.025,0.1,0.025,0.05,0.025,0,0,0,0,0,0,0,0,0,0,0,0,0,0,0,0,0,0,0,0,0,0
Bacteroides dorei_249,0.759036145,2.630522088,0.514056225,5.979919679,3.847389558,1.445783133,3.46184739,4.686746988,0.481927711,1.75502008,9.642570281,0.248995984,4.859437751,1.827309237,1.096385542,0.37751004,2.654618474,0.064257028,0.481927711,0.040160643,0.670682731,0.373493976,0.325301205,0.136546185,0.192771084,0.485943775,1.124497992,0.068273092,0.156626506,0.0562249,0.112449799,0.016064257,0.032128514,0.710843373,0.196787149,0.220883534,0.136546185,0.068273092,0.670682731,0,0.016064257,0.012048193,0.0562249,0.016064257,0.004016064,0.224899598,0.072289157,0.016064257,0.040160643,0.18875502,0.004016064,0.020080321,0.257028112,0.008032129,0,0.004016064,0,0.100401606,0.020080321,0,0,0,0,0.012048193,0,0,0,0,0
Bacteroides finegoldii_168,0.31547619,2.375,0.392857143,3.202380952,5.035714286,0.357142857,3.142857143,1.178571429,0.119047619,1.642857143,7.80952381,0.148809524,3.202380952,1.916666667,0.708333333,0.05952381,0.755952381,0.011904762,0.107142857,0,0.476190476,0.05952381,0.011904762,0.005952381,0.023809524,0.327380952,1.142857143,0.017857143,0.077380952,0.035714286,0.19047619,0.041666667,0.023809524,0.023809524,0.285714286,0.017857143,0.029761905,0.095238095,0.857142857,0,0,0,0.023809524,0,0,0.017857143,0.047619048,0.005952381,0.047619048,0.05952381,0,0.011904762,0.011904762,0,0,0,0,0.142857143,0.029761905,0,0,0,0,0,0,0,0,0,0
Bacteroides fragilis_500,0.444,4.542,0.784,7.854,3.986,0.254,2.54,2.62,0.944,2.63,10.374,0.904,10.154,2.052,2.262,0.234,0.93,0.08,0.29,0.098,2.654,0.732,0.352,0.056,0.252,0.414,1.256,0.226,0.086,0.042,0.572,0.16,0.088,0.064,0.532,0.03,0.396,0.132,0.33,0.016,0.024,0,0.132,0.004,0,0.026,0.298,0.024,0.216,0.038,0.012,0.038,0.166,0,0.044,0.002,0.022,0.056,0.02,0.004,0.002,0.02,0.004,0.01,0,0,0,0,0
Bacteroides koreensis_47,0.085106383,0.191489362,0.127659574,0.063829787,0.234042553,0,1.042553191,0.29787234,0.361702128,0.382978723,0.978723404,0.063829787,3.872340426,0.063829787,1.765957447,0.042553191,0.382978723,0,0.042553191,0,0.531914894,0,0,0,0,0.276595745,1.106382979,0.021276596,0.021276596,0.021276596,0.127659574,0,0.021276596,0,0,0,0,0,0,0,0,0,0.063829787,0,0,0.106382979,0.063829787,0,0.063829787,0,0.063829787,0.106382979,0,0.021276596,0,0,0,0,0.021276596,0,0,0,0,0,0,0,0,0,0
Bacteroides massiliensis_170,0.176470588,1.305882353,0.211764706,3.241176471,1.082352941,0.052941176,1.058823529,1.005882353,0.164705882,0.876470588,5.088235294,0.552941176,3.794117647,0.6,0.629411765,0.029411765,0.788235294,0,0.064705882,0.017647059,1.7,0.029411765,0.011764706,0.023529412,0.241176471,0.370588235,0.758823529,0.882352941,0.005882353,0.047058824,0.494117647,0.023529412,0.070588235,0.011764706,0.029411765,0.029411765,0.082352941,0.005882353,0.152941176,0.005882353,0.482352941,0.017647059,0.035294118,0.023529412,0,0,0.141176471,0.023529412,0.082352941,0.005882353,0.029411765,0.047058824,0.047058824,0,0.017647059,0,0.023529412,0.005882353,0.035294118,0,0.005882353,0,0,0,0,0,0,0,0
Bacteroides ovatus_500,0.12,2.294,0.26,1.56,1.79,0.13,1.32,1.272,0.31,1.628,2.274,0.362,4.388,1.128,0.906,0.098,0.478,0.006,0.112,0.042,0.826,0.068,0.05,0.038,0.05,0.428,1.592,0.146,0.004,0.01,0.284,0.034,0.026,0.086,0.176,0.02,0.072,0.02,0.444,0.012,0.046,0.006,0.03,0.034,0.002,0.072,0.054,0.024,0.024,0.052,0.018,0.022,0.114,0.008,0.062,0,0,0.04,0.038,0.002,0.012,0.004,0,0,0,0,0,0,0
Bacteroides plebeius_146,0.205479452,2.465753425,0.294520548,2,1.445205479,0.130136986,2.97260274,0.98630137,0.253424658,1.363013699,8.315068493,0.082191781,2.739726027,1.547945205,0.602739726,0.143835616,0.51369863,0.006849315,0.04109589,0.006849315,0.349315068,0.191780822,0.034246575,0.006849315,0.02739726,0.383561644,1.239726027,0.020547945,0.006849315,0,0.04109589,0,0,0,0.178082192,0.04109589,0.02739726,0.054794521,0.020547945,0,0.034246575,0,0.01369863,0.006849315,0.006849315,0.01369863,0.047945205,0.006849315,0.061643836,0.034246575,0.006849315,0.020547945,0.02739726,0.006849315,0.01369863,0,0,0,0.034246575,0,0,0,0,0,0,0,0,0,0
Bacteroides salyersiae_36,0.055555556,1.472222222,0.222222222,0.111111111,0.75,0.083333333,0.277777778,0.5,0,0.416666667,1.083333333,0.222222222,2.944444444,0.694444444,0.138888889,0,0.138888889,0,0,0,0.027777778,0,0,0.027777778,0,0.138888889,0.222222222,0.027777778,0,0,0.166666667,0.027777778,0,0,0.055555556,0,0.027777778,0,0,0,0,0,0,0,0,0.138888889,0.138888889,0,0,0.027777778,0,0,0,0,0,0,0,0,0.166666667,0,0,0,0,0,0,0,0,0,0
Bacteroides stercoris_301,0.106312292,2.348837209,0.219269103,1.707641196,1.275747508,0.255813953,1.707641196,0.823920266,0.19269103,0.996677741,1.950166113,0.212624585,3.046511628,0.913621262,1.009966777,0.112956811,0.38538206,0.003322259,0.069767442,0.026578073,0.65448505,0.126245847,0.03654485,0.013289037,0.11627907,0.292358804,0.830564784,0.046511628,0.019933555,0,0.169435216,0.013289037,0.006644518,0.009966777,0.11627907,0.019933555,0.029900332,0.049833887,0.086378738,0.003322259,0.016611296,0.026578073,0,0.013289037,0.003322259,0.093023256,0.03654485,0.003322259,0.043189369,0.07641196,0.013289037,0.006644518,0.013289037,0.009966777,0,0,0.003322259,0.136212625,0.049833887,0,0.003322259,0,0,0.003322259,0,0,0,0,0
Bacteroides thetaiotaomicron_500,0.182,4.414,0.612,5.668,2.556,0.088,3.844,1.588,0.71,3.102,5.478,0.35,6.39,1.158,1.06,0.15,0.534,0.014,0.254,0.034,0.822,0.28,0.12,0.108,0.092,0.494,2.224,0.198,0.034,0.028,0.14,0.048,0.074,0.032,0.196,0.02,0.172,0.096,0.13,0.016,0.04,0.026,0.068,0.018,0.002,0.004,0.056,0.004,0.05,0.042,0.046,0.02,0.054,0.004,0.006,0,0.014,0.012,0.05,0,0.014,0.002,0.002,0.002,0,0,0,0,0
Bacteroides uniformis_500,0.286,4.314,0.488,2.988,1.962,0.224,3.966,1.548,0.342,1.654,4.226,0.204,5.352,1.294,1.178,0.138,1.53,0.006,0.09,0.022,0.864,0.154,0.172,0.048,0.06,0.586,1.166,0.046,0.036,0.028,0.254,0.026,0.05,0.012,0.416,0.036,0.072,0.096,0.256,0.008,0.02,0.006,0.034,0.012,0.002,0.084,0.072,0.024,0.052,0.06,0.016,0.034,0.062,0.01,0.072,0,0,0.044,0.018,0.002,0.008,0,0,0.002,0,0,0,0,0
Bacteroides vulgatus_500,0.362,4.258,0.69,8.136,4.034,0.346,3.42,2.942,0.364,2.944,6.206,0.516,6.094,2.158,0.954,0.186,0.782,0.076,0.184,0.126,0.838,0.224,0.224,0.378,0.084,0.51,1.014,0.05,0.082,0.032,0.484,0.044,0.04,0.082,0.218,0.08,0.104,0.05,0.404,0.026,0.052,0,0.038,0.006,0.002,0.068,0.098,0.006,0.046,0.08,0.004,0.024,0.144,0.004,0.244,0,0.01,0.02,0.062,0,0.01,0,0,0.002,0,0,0,0,0
Bacteroides xylanisolvens_168,0.095238095,3.303571429,0.261904762,1.779761905,1.601190476,0.142857143,1.625,1.351190476,0.285714286,0.982142857,2.136904762,0.125,1.547619048,1.291666667,0.654761905,0.464285714,0.511904762,0,0.035714286,0,0.166666667,0.529761905,0.077380952,0.053571429,0,0.660714286,1.75,0.029761905,0.005952381,0.023809524,0.083333333,0.005952381,0.011904762,0.017857143,0.095238095,0.041666667,0.023809524,0.035714286,0.142857143,0.005952381,0.148809524,0.017857143,0.05952381,0.023809524,0.005952381,0.017857143,0.005952381,0.005952381,0,0.053571429,0,0.005952381,0.071428571,0.005952381,0.30952381,0,0.011904762,0.19047619,0.029761905,0.005952381,0,0,0,0,0,0,0,0,0
Bacteroidesvulgatus_5,0.2,0,0.2,0,0.8,4.8,0.6,5.4,0,0.4,0.4,0.2,0.4,0.4,0.2,0,0,0,0,0,0.4,0,0,0,0,0.4,0.4,0,0,0,0,0,0,0,0,0,0,0,0,0,0,0,0,0,0,0,0,0,0,0.6,0,0.4,0,0,0,0,0,0,0,0,0,0,0,0,0,0,0,0,0
Bariatricus massiliensis_2,0,0.5,0,1.5,3,0,2,1.5,0,4.5,8,0,1,1,0,0,0,0,0,0,0,0,0,0,1,0,0,0.5,0,0,0,0,0,0,0.5,0,0,0,0,0,0,0,0,0,0,0,0,0,0,0,0,0,0,0,0.5,0,0,0,0,0,0,0,0,0,0,0,0,0,0
Bifidobacterium adolescentis_500,0.372,12.056,0.532,3.59,2.664,0.168,4.536,2.704,0.854,2.396,5.61,0.078,3.712,1.338,1.01,0.224,0.784,0.02,0.184,0.046,0.328,0.234,0.472,0.074,0.076,0.972,1.932,0.082,0.36,0.024,0.092,0.004,0.056,0.012,0.716,0.106,0.456,0.252,0.324,0.018,0.088,0,0.012,0.004,0,0.052,0.066,0.006,0.022,0.13,0.01,0.01,0.14,0.004,0.092,0,0,0.002,0.004,0,0.006,0,0,0,0,0,0,0,0
Bifidobacterium animalis_500,0.354,26.874,0.562,1.574,2.73,0.182,5.4,2.894,1.416,1.594,4.204,0.078,5.694,0.98,1.914,0.484,1.198,0.014,0.208,0.038,0.374,0.62,0.776,0.13,0.1,0.74,1.198,0.046,0.028,0.026,0.086,0.008,0.084,0.008,0.868,0.194,0.312,0.386,1.274,0.014,0.166,0,0.018,0.038,0.002,0.008,0.068,0.07,0.02,0.044,0.012,0.02,0.094,0.002,0.03,0.002,0,0,0,0,0,0,0,0,0,0,0,0,0
Bifidobacterium bifidum_500,0.494,27.848,0.742,2.23,3.488,0.264,3.078,2.606,1.266,1.93,6.558,0.054,6.886,1.218,3.128,0.778,1.388,0.034,0.198,0.036,0.456,1.018,0.914,0.158,0.136,0.888,1.496,0.074,0.126,0.036,0.138,0.004,0.146,0.012,1.13,0.284,0.422,0.43,1.146,0.024,0.134,0,0.01,0.004,0.002,0.018,0.05,0.018,0.106,0.294,0.028,0.028,0.164,0,0.078,0,0.006,0,0.002,0,0.002,0,0,0,0,0,0,0,0
Bifidobacterium breve_500,0.604,23.632,0.87,2.566,3.736,0.532,3.796,1.934,1.234,1.944,6.078,0.076,6.288,1.244,2.596,0.358,2.18,0.028,0.226,0.098,0.604,0.754,0.966,0.414,0.232,0.712,1.124,0.244,0.1,0.024,0.164,0.028,0.068,0.004,2.542,0.192,0.85,0.648,1.386,0.026,0.16,0,0.024,0.008,0,0.016,0.09,0.004,0.028,0.36,0.018,0.026,0.078,0,0.128,0,0,0.018,0,0.002,0.004,0,0,0,0,0,0,0,0
Bifidobacterium brevis_500,0.348,25.274,0.64,1.246,1.67,0.328,2.66,1.464,2.562,1.318,2.85,0.094,5.564,0.726,1.286,0.32,0.816,0.032,0.284,0.07,0.8,0.852,1.172,0.342,0.094,0.466,1.096,0.252,0.126,0.024,0.292,0.006,0.082,0.008,0.31,0.112,0.094,0.28,0.392,0.002,0.384,0,0.052,0.006,0.002,0.018,0.122,0.056,0.03,0.078,0.016,0.032,0.04,0.002,0.046,0,0.01,0.014,0.002,0.002,0.002,0,0.002,0,0,0,0,0,0
Bifidobacterium longum_500,0.564,19.696,0.784,10.634,3.294,0.632,3.744,2.626,1.522,2.256,12.228,0.084,5.838,1.31,1.918,0.328,4.298,0.092,0.192,0.072,0.572,2.182,1.318,0.632,0.284,0.786,1.374,0.41,0.078,0.016,0.154,0.004,0.064,0.01,0.77,0.188,0.484,0.226,1.224,0.022,0.044,0,0.014,0.006,0,0.008,0.252,0.03,0.022,0.318,0.022,0.024,0.14,0.012,0.042,0,0.002,0.002,0,0,0,0,0,0,0,0,0,0,0
Bilophila wadsworthia_500,0.404,3.722,0.57,1.966,4.566,0.306,6.018,2.928,0.312,2.056,5.114,0.124,3.628,2.688,0.818,0.156,0.89,0.01,0.204,0.06,0.214,0.392,0.41,0.312,0.15,0.668,0.672,0.458,0.074,0.008,0.158,0.036,0.036,0.04,0.342,0.108,0.076,0.098,0.3,0.02,0.026,0,0,0.006,0,0.056,0.054,0.022,0.016,0.06,0.004,0.006,0.098,0.004,0.016,0,0.006,0.012,0.036,0.002,0.02,0.002,0,0.022,0,0,0,0.002,0
Blautia caecimuris_4,0,0,0,0,0.5,0,0,0,0,1.25,0.25,0,13.25,0,0.25,0,0,0,0,0,0,0,0,0,0,0,0,0,0,0,0,0,0,0,0,0,0,0,0,0,0,0,0,0,0,0,0,0,0,0,0,0,2.5,0,0,0,0,0,0,0,0,0,0,0,0,0,0,0,0
Blautia faecis_92,0.119565217,3.663043478,0.532608696,1.02173913,3.423913043,0.239130435,3.423913043,3.826086957,0.336956522,2.391304348,2.445652174,0.065217391,3.619565217,3.152173913,0.804347826,0.119565217,0.336956522,0.010869565,0.119565217,0.043478261,0.282608696,0.02173913,0.010869565,0,0.130434783,0.586956522,0.945652174,0.108695652,0.22826087,0,0.076086957,0.02173913,0,0,0.076086957,0.065217391,0.054347826,0.130434783,0.076086957,0,0.043478261,0,0,0,0,0.032608696,0.097826087,0.010869565,0.02173913,0.097826087,0,0,0.336956522,0.02173913,0.010869565,0,0,0,0,0,0.02173913,0,0,0,0,0,0,0,0
Blautia hominis_99,1.383838384,7.525252525,0.777777778,2.02020202,6.878787879,1.363636364,6.686868687,3.727272727,0.343434343,3.555555556,4.525252525,0.212121212,5.333333333,4.232323232,2.060606061,0.353535354,1.181818182,0.01010101,0.454545455,0.282828283,0.939393939,0.202020202,0.242424242,0.141414141,0.151515152,0.777777778,0.919191919,0.090909091,0.262626263,0.02020202,0.181818182,0.03030303,0.03030303,0.01010101,0.353535354,0.131313131,0.323232323,0.121212121,0.292929293,0,0.101010101,0,0,0,0,0.04040404,0.151515152,0,0.080808081,0.424242424,0,0.01010101,0.292929293,0.01010101,0,0,0,0.01010101,0.01010101,0,0.02020202,0,0,0,0,0,0,0,0
Blautia luti_76,0.078947368,2.223684211,0.342105263,0.223684211,1.881578947,0.131578947,3.302631579,1.236842105,0.065789474,0.881578947,0.815789474,0.078947368,2.934210526,1.25,1.513157895,0.236842105,1,0.013157895,0.013157895,0.013157895,0.289473684,0.013157895,0.039473684,0,0,0.526315789,0.802631579,1.947368421,0,0,0.171052632,0,0.039473684,0.026315789,0.039473684,0.144736842,0.065789474,0.026315789,0.342105263,0,0.026315789,0,0,0,0,0,0.065789474,0,0.026315789,0.092105263,0,0,0.013157895,0.013157895,0,0,0,0,0.026315789,0,0,0,0,0,0,0,0,0,0
Blautia obeum_126,0.317460317,7.714285714,0.428571429,3.261904762,2.80952381,0.246031746,4.492063492,1.674603175,0.357142857,2.436507937,5.952380952,0.095238095,3.373015873,1.777777778,1.071428571,0.150793651,0.76984127,0,0.079365079,0.142857143,0.357142857,0.158730159,0.182539683,0.03968254,0.095238095,0.658730159,0.634920635,0.063492063,0.015873016,0.007936508,0.126984127,0,0.031746032,0,0.26984127,0.19047619,0.126984127,0.087301587,0.158730159,0.015873016,0.063492063,0,0.007936508,0,0,0.119047619,0.214285714,0,0.071428571,0.150793651,0,0.031746032,0.468253968,0,0.261904762,0,0,0,0.015873016,0,0.015873016,0,0,0,0,0,0,0,0
Blautia producta_172,0.063953488,4.51744186,0.26744186,0.680232558,2.680232558,0.081395349,3.790697674,1.552325581,0.203488372,1.738372093,1.784883721,0.075581395,3.523255814,1.343023256,1.372093023,0.191860465,0.360465116,0.005813953,0.040697674,0.040697674,0.290697674,0.180232558,0.302325581,0.005813953,0.046511628,0.656976744,0.627906977,0.075581395,0.023255814,0.040697674,0.244186047,0.023255814,0.110465116,0,0.226744186,0.046511628,0.034883721,0.127906977,0.13372093,0.011627907,0.011627907,0.01744186,0.029069767,0.01744186,0,0.011627907,0.063953488,0,0.01744186,0.029069767,0.01744186,0.011627907,0.005813953,0.005813953,0,0,0,0,0.011627907,0,0.011627907,0,0,0,0,0,0,0,0
Blautia stercoris_53,0.377358491,9.471698113,0.433962264,5.58490566,5.339622642,0.452830189,6.849056604,2.79245283,0.113207547,2.245283019,6.679245283,0.113207547,4.245283019,2.471698113,2.301886792,0.339622642,0.358490566,0,0.377358491,0.018867925,0.433962264,0.075471698,0.075471698,0.037735849,0.603773585,0.735849057,0.660377358,0.075471698,0.037735849,0,0.301886792,0,0.018867925,0.037735849,0.433962264,0.037735849,0.037735849,0.132075472,0.320754717,0.018867925,0.018867925,0,0,0,0,0.056603774,0.132075472,0,0.150943396,0.169811321,0,0.037735849,0.037735849,0,0,0,0,0.056603774,0.018867925,0,0.018867925,0,0,0.018867925,0,0,0,0,0
Blautia wexlerae_90,0.077777778,3.688888889,0.111111111,0.577777778,1.122222222,0.077777778,5.533333333,2.388888889,0.088888889,0.766666667,1.855555556,0.022222222,1.477777778,1.088888889,1.3,0.211111111,0.6,0.011111111,0.011111111,0.011111111,0.177777778,0.077777778,0.077777778,0,0,0.477777778,0.588888889,0.044444444,0,0,0.088888889,0.011111111,0.033333333,0,0.066666667,0.133333333,0.044444444,0.066666667,0.155555556,0,0,0,0,0,0,0.033333333,0.088888889,0,0.022222222,0.044444444,0,0,0.111111111,0.011111111,0,0,0,0,0,0,0,0,0,0,0,0,0,0,0
Butyricimonas paravirosa_10,0,8.7,0,0,0.2,0,0.7,0.1,0,0.2,0.4,0.2,1.8,0.3,0,0.1,0.1,0,0,0,0,0,0,0,0,0.6,0.5,0,0,0.4,0.3,0.1,0,0,0,0,0,0.2,0.1,0,0,0.3,0.4,0.3,0,0,0,0,0,0,0,0,0,0,0,0,0,0,0,0,0,0,0,0,0,0,0,0,0
Butyricimonas virosa_37,0,1.27027027,0.081081081,0.135135135,1.783783784,0.054054054,2.054054054,3.27027027,0.081081081,0.72972973,1.351351351,0.081081081,3.027027027,1.810810811,0.108108108,0.081081081,0.297297297,0.027027027,0.027027027,0,0.405405405,0,0,0,0,0.243243243,0.567567568,0.054054054,0,0,0.351351351,0.297297297,0.054054054,0.027027027,0.108108108,0,0.027027027,0,0.189189189,0,0,0,0,0,0,0,0,0,0,0.027027027,0,0.027027027,0,0,0,0,0,0,0,0,0,0,0,0,0,0,0,0,0
Campylobacter ureolyticus_251,0.075697211,0.111553785,0.09561753,0.06374502,0.641434263,0.007968127,0.103585657,0.195219124,0.219123506,0.454183267,0.474103586,0.294820717,5.549800797,0.657370518,1.434262948,0.370517928,0.410358566,0,0.011952191,0.011952191,0.549800797,0.003984064,0,0,0.003984064,0.071713147,0.545816733,0.003984064,0,0.019920319,0.19123506,0.099601594,0.135458167,0.003984064,0.015936255,0.011952191,0.023904382,0.003984064,0.015936255,0,0.203187251,0,0.055776892,0,0,0.007968127,0.087649402,0,0.103585657,0.007968127,0.003984064,0.067729084,0.011952191,0.003984064,0,0,0.003984064,0,0.011952191,0,0,0,0,0,0,0,0,0,0
Catabacter hongkongensis_22,0.045454545,1.045454545,0.181818182,0.181818182,1.090909091,0.136363636,0.454545455,0.363636364,0,0.863636364,2.045454545,0.136363636,5,1.363636364,1.454545455,0.136363636,0.545454545,0,0.090909091,0,0.090909091,0.045454545,0.045454545,0.045454545,0.272727273,0.454545455,1.227272727,0,0,0,1.363636364,0.045454545,0,0.045454545,0.090909091,0.181818182,0,0,0.5,0,0.045454545,0,0,0,0,0.045454545,0.227272727,0,0.090909091,0.090909091,0,0,0,0,0,0,0,0,0,0,0,0,0,0,0,0,0,0,0
Christensenella minuta_68,0.294117647,1.647058824,0.617647059,0.514705882,2.073529412,0.191176471,9.735294118,2.75,0.102941176,1.367647059,2.588235294,0,2.058823529,1.382352941,0.617647059,0.102941176,0.264705882,0,0.205882353,0.044117647,0.176470588,0.176470588,0.117647059,0.088235294,0.470588235,0.264705882,1.058823529,0.088235294,0,0,0.102941176,0.044117647,0.044117647,0.044117647,0.176470588,0.058823529,0.088235294,0.014705882,0.25,0,0.073529412,0,0,0,0,0,0.073529412,0,0.073529412,0.029411765,0.102941176,0.014705882,0.058823529,0,0,0,0,0,0,0,0.014705882,0,0,0,0,0,0,0,0
Clostridium aldenense_47,0,0.808510638,0.70212766,0.234042553,1.70212766,0,2.680851064,1.319148936,0.14893617,1.425531915,0.914893617,0.042553191,5.829787234,0.553191489,1.574468085,0.042553191,1.276595745,0.042553191,0.127659574,0.042553191,0.553191489,0.021276596,0,0,0.021276596,0.361702128,0.595744681,3.14893617,0,0,0.340425532,0.106382979,0.29787234,0,0.063829787,0.021276596,0.063829787,0,0.170212766,0,0,0,0.021276596,0,0,0,0.042553191,0,0.042553191,0,0,0.063829787,0,0,0,0,0,0,0.021276596,0,0,0,0,0,0,0,0,0,0
Clostridium bolteae_206,0.208737864,3.572815534,0.446601942,0.242718447,1.655339806,0.286407767,2.36407767,1.665048544,0.140776699,1.334951456,0.975728155,0.087378641,3.262135922,1.126213592,0.59223301,0.09223301,0.849514563,0.087378641,0.203883495,0.009708738,0.849514563,0.378640777,0.36407767,0.048543689,0.067961165,0.422330097,0.616504854,0.747572816,0.014563107,0.004854369,0.111650485,0.014563107,0.101941748,0,0.572815534,0.09223301,0.019417476,0.116504854,0.266990291,0.004854369,0.009708738,0,0.004854369,0,0,0.014563107,0.024271845,0.004854369,0.024271845,0.126213592,0.009708738,0.014563107,0.014563107,0,0.169902913,0.004854369,0,0,0.024271845,0,0,0,0,0.004854369,0,0,0,0,0
Clostridium butyricum_500,0.386,12.81,0.728,2.418,2.814,0.428,1.386,1.494,0.462,1.44,3.402,0.07,5.258,0.866,2.164,0.42,0.968,0.026,0.164,0.032,1.142,0.48,0.448,0.072,0.088,0.418,1.77,0.314,0.044,0.312,0.096,0.01,0.054,0.008,1.114,0.084,0.406,0.296,0.256,0.018,0.034,0,0.03,0.004,0,0.01,0.026,0.004,0.014,0.142,0.01,0.028,0.084,0.004,0.014,0,0.006,0.006,0.03,0,0.006,0,0.006,0.006,0,0,0,0,0
Clostridium celatum_61,0,0.344262295,0.180327869,0,0.459016393,0,0.426229508,0.606557377,0.163934426,0.836065574,0.327868852,0.180327869,3.590163934,0.344262295,0.229508197,0.016393443,0.049180328,0,0,0.016393443,0.819672131,0.032786885,0,0.016393443,0,0.147540984,0.459016393,0,0,0.016393443,0.131147541,0,0.081967213,0,0.016393443,0,0.295081967,0,0.049180328,0,0,0,0.016393443,0,0,0,0.147540984,0.098360656,0.049180328,0,0.475409836,0.032786885,0,0.016393443,0,0,0,0,0,0,0,0,0,0,0,0,0,0,0
Clostridium clostridioforme_300,0.053333333,1.22,0.26,0.48,1.43,0.05,0.603333333,1.223333333,0.12,0.98,1.833333333,0.66,4.623333333,0.636666667,0.78,0.1,0.226666667,0.006666667,0.153333333,0.086666667,0.673333333,0.02,0,0.006666667,0.046666667,0.16,0.423333333,0.01,0.003333333,0.013333333,0.406666667,0.053333333,0.07,0.016666667,0.04,0.02,0.12,0.013333333,0.043333333,0.003333333,0.016666667,0,0.033333333,0.013333333,0,0,0.153333333,0.01,0.02,0.02,0.01,0.06,0.003333333,0.033333333,0.006666667,0,0.01,0.023333333,0.096666667,0,0,0.003333333,0,0,0,0,0,0,0
Clostridium hathewayi_184,0.217391304,1.173913043,0.472826087,0.847826087,2.130434783,0.22826087,2.451086957,3.918478261,0.282608696,1.163043478,2.39673913,0.798913043,5.010869565,0.907608696,1.548913043,0.195652174,0.967391304,0,0.10326087,0.260869565,0.711956522,0.043478261,0.065217391,0.086956522,0.016304348,0.434782609,0.934782609,0.951086957,0.010869565,0.016304348,0.440217391,0.054347826,0.135869565,0,2.440217391,0.005434783,0.152173913,0.179347826,0.201086957,0,0.048913043,0,0.027173913,0.010869565,0,0.016304348,0.043478261,0.005434783,0.059782609,0.005434783,0.005434783,0.119565217,0.048913043,0.016304348,0.010869565,0,0.016304348,0.016304348,0.092391304,0,0,0,0.086956522,0.005434783,0,0,0,0,0
Clostridium hylemonae_77,0.402597403,2.311688312,0.532467532,1.74025974,1.727272727,1,2.415584416,2.051948052,0.181818182,1.493506494,5.402597403,0.038961039,5.428571429,0.987012987,0.792207792,0.038961039,0.25974026,0.038961039,0.116883117,0.090909091,0.376623377,0.025974026,0.012987013,0.025974026,0,0.298701299,0.493506494,1.987012987,0,0,0.090909091,0,0.038961039,0,0.012987013,0.012987013,0.012987013,0,0.012987013,0,0.025974026,0,0,0,0,0.038961039,0.077922078,0,0,0.116883117,0,0.025974026,0.012987013,0.012987013,0,0,0,0,0,0,0,0,0,0,0,0,0,0,0
Clostridium indolis_75,0.12,1.146666667,0.546666667,0.173333333,1.253333333,0.386666667,0.626666667,0.346666667,0.106666667,1.426666667,0.826666667,0.053333333,2.68,0.44,1.08,0.133333333,0.013333333,0,0.013333333,0,0.546666667,0.026666667,0,0,0,0.373333333,0.586666667,2.013333333,0,0.013333333,0.146666667,0,0.186666667,0,0.013333333,0.026666667,0.04,0,0.32,0,0.026666667,0,0.013333333,0,0,0.013333333,0.013333333,0,0.026666667,0.2,0,0.026666667,0,0.026666667,0,0,0,0,0,0,0,0,0,0,0,0,0,0,0
Clostridium inoculum_500,0.162,2.298,0.364,6.04,0.81,0.146,0.344,0.232,0.862,0.782,3.096,0.328,13.528,0.282,1.112,0.248,0.866,0.078,0.088,0.016,2.486,0.062,0.026,0.02,0.056,0.31,2.228,0.022,0.026,0.072,0.316,0.082,0.122,0.016,0.056,0.018,0.056,0.03,0.094,0.038,0.048,0.004,0.108,0.006,0,0.006,0.208,0.02,0.056,0.022,0.094,0.054,0.022,0.014,0.008,0,0.032,0,0.012,0,0.002,0.004,0.012,0.012,0,0,0,0,0
Clostridium lavalense_28,0.142857143,2.5,1.107142857,1.535714286,5.75,0,1.607142857,2.428571429,0.25,2.25,4.678571429,0.035714286,2.25,5.178571429,2.571428571,0.285714286,0.25,0.035714286,0.035714286,0,0.5,0.142857143,0,0.035714286,0,0.464285714,1,5.25,0.535714286,0.035714286,0.25,0,0,0,0,0.071428571,0.178571429,0.25,0.107142857,0,0,0,0,0,0,0,0.035714286,0.035714286,0,0,0,0,0.571428571,0,0,0,0,0,0,0,0.035714286,0,0,0,0,0,0,0,0
Clostridium leptum_500,1.096,6.024,1.11,5.678,7.012,1.64,7.84,3.718,0.428,2.456,11.49,0.282,7.142,3.412,1.35,0.474,2.964,0.064,0.324,0.086,0.46,0.562,0.46,0.326,0.15,0.616,0.99,0.288,0.598,0.04,0.104,0.012,0.044,0.72,0.434,0.312,0.152,0.142,0.998,0.004,0.05,0,0.006,0,0,0.224,0.046,0.052,0.018,0.25,0.004,0.01,0.13,0.01,0.026,0,0,0.002,0.002,0,0.014,0,0,0.008,0,0,0,0,0
Clostridium oroticum_68,0,0.852941176,0.014705882,0.264705882,1.308823529,0.029411765,0.205882353,0.147058824,0.058823529,0.382352941,1.088235294,0.044117647,0.588235294,0.205882353,0.073529412,0,0.029411765,0,0,0,0.397058824,0,0,0.014705882,0,0.205882353,0.897058824,0,0,0.058823529,0.191176471,0,0.014705882,0,0.058823529,0,0,0.014705882,0.058823529,0,0,0.044117647,0.058823529,0.044117647,0,0,0.073529412,0,0,0,0,0,0,0.029411765,0.014705882,0,0,0,0.044117647,0,0,0,0,0,0,0,0,0,0
Clostridium paraputrificum_344,0.029069767,0.688953488,0.058139535,0.122093023,1.095930233,0.020348837,0.087209302,0.130813953,0.093023256,0.223837209,0.569767442,0.340116279,1.802325581,0.110465116,0.430232558,0.069767442,0.168604651,0,0.011627907,0.00872093,0.610465116,0,0.002906977,0,0.026162791,0.110465116,0.50872093,0,0,0.011627907,0.438953488,0.058139535,0.034883721,0.01744186,0.026162791,0.011627907,0.738372093,0.002906977,0.433139535,0,0,0,0.046511628,0.061046512,0,0.005813953,0.052325581,0.002906977,0.01744186,0,0.005813953,0.058139535,0.014534884,0.023255814,0,0,0.002906977,0,0.01744186,0,0,0.002906977,0.046511628,0,0,0,0,0,0
Clostridium perfringens_500,0.346,4.044,0.6,2.67,0.856,0.098,0.776,1.564,1.212,0.674,5.016,0.782,11.872,0.576,2.106,0.366,1.076,0.042,0.07,0.198,1.682,0.47,0.168,0.108,0.138,0.372,2.074,0.162,0.046,0.054,0.224,0.048,0.176,0.036,0.104,0.028,0.536,0.082,0.076,0.006,0.016,0.002,0.332,0.076,0,0.012,0.114,0.028,0.184,0.102,0.65,0.086,0.08,0.014,0.014,0,0.004,0,0.006,0,0,0,0.082,0.012,0,0.01,0.002,0,0
Clostridium ramosum_500,0.072,0.994,0.128,0.474,0.982,0.094,2.388,1.862,0.088,0.838,1.104,0.39,3.122,0.46,0.704,0.074,0.368,0,0.094,0.05,0.848,0.09,0.082,0.022,0.01,0.196,0.37,0.1,0.016,0.012,0.352,0.058,0.12,0.01,0.046,0.01,0.084,0.012,0.062,0.012,0.014,0,0.01,0.004,0,0.012,0.028,0,0.044,0.032,0.03,0.06,0.036,0.024,0.002,0,0.008,0.008,0.056,0.002,0.002,0.004,0,0.006,0,0,0,0,0
Clostridium saudiense_3,0,0.333333333,0,0,1.666666667,0,0,0,0,1.666666667,0.333333333,0,5.333333333,1,0,0,0,0,0,0,0,0,0,0,0,0,0,0,0,0,0,0,0,0,0,0,0,0,0,0,0,0,0,0,0,0,0,0,0,0,0,0,0,0,0,0,0,0,0,0,0,0,0,0,0,0,0,0,0
Clostridium scindens_335,0.241791045,2.907462687,0.397014925,1.12238806,2.098507463,0.426865672,2.119402985,0.653731343,0.155223881,1.635820896,3.471641791,0.032835821,7.68358209,0.937313433,1.229850746,0.465671642,0.185074627,0.014925373,0.098507463,0.011940299,0.411940299,0.068656716,0.065671642,0.068656716,0.017910448,0.226865672,0.519402985,0.456716418,0.002985075,0.011940299,0.065671642,0.03880597,0.074626866,0.002985075,0.071641791,0.017910448,0.08358209,0.014925373,0.044776119,0.041791045,0.014925373,0,0.002985075,0,0,0.086567164,0.011940299,0,0.014925373,0.050746269,0.023880597,0.008955224,0.041791045,0.005970149,0.086567164,0,0,0.002985075,0.005970149,0,0,0,0,0.005970149,0,0,0,0,0
Clostridium sordellii_500,0.086,0.626,0.462,1.612,1.178,0.09,0.386,0.206,0.364,0.332,1.63,0.194,7.874,0.182,1.262,0.17,0.482,0.02,0.094,0.018,0.594,0.034,0.012,0.008,0.028,0.118,1.096,0.006,0.014,0.08,0.154,0.008,0.074,0.012,0.016,0.016,0.446,0.01,0.014,0.006,0.012,0.002,0.114,0.034,0,0.016,0.176,0.03,0.094,0.028,0.094,0.022,0.046,0.022,0,0,0.022,0,0.004,0.004,0.002,0.002,0.028,0.004,0,0,0,0,0
Clostridium subterminale_252,0.031746032,0.198412698,0.162698413,0.035714286,0.218253968,0.023809524,0.03968254,0.115079365,0.023809524,0.095238095,0.238095238,0.345238095,2.380952381,0.043650794,0.30952381,0.087301587,0.158730159,0,0.003968254,0,0.21031746,0.007936508,0,0.003968254,0.015873016,0.107142857,0.424603175,0.011904762,0,0.007936508,0.198412698,0.035714286,0.075396825,0.01984127,0.003968254,0,0.099206349,0,0.011904762,0,0,0,0.03968254,0,0,0.007936508,0.03968254,0.023809524,0.03968254,0.007936508,0,0.150793651,0,0.015873016,0,0,0,0,0.035714286,0,0,0.003968254,0,0,0,0,0,0,0.003968254
Clostridium symbiosum_380,0.057894737,0.884210526,0.171052632,0.481578947,0.665789474,0.071052632,1.121052632,1.860526316,0.097368421,0.426315789,1.552631579,0.055263158,1.326315789,0.45,0.581578947,0.068421053,0.442105263,0,0.026315789,0.018421053,0.431578947,0.055263158,0.018421053,0.034210526,0.05,0.181578947,0.815789474,0.044736842,0.010526316,0.013157895,0.115789474,0.028947368,0.013157895,0.005263158,0.068421053,0.05,0.007894737,0.031578947,0.084210526,0.002631579,0.007894737,0,0.023684211,0.010526316,0.005263158,0.007894737,0.031578947,0.052631579,0.005263158,0.026315789,0.002631579,0.005263158,0.013157895,0.015789474,0.081578947,0,0,0,0.015789474,0,0,0,0,0,0,0,0,0,0
Clostridium tyrobutyricum_378,0.047619048,1.674603175,0.150793651,0.338624339,0.296296296,0.002645503,0.12962963,0.121693122,0.386243386,0.343915344,0.478835979,0.026455026,1.828042328,0.095238095,0.285714286,0.092592593,0.211640212,0.002645503,0.018518519,0.005291005,0.452380952,0.12962963,0.171957672,0.007936508,0.105820106,0.227513228,0.978835979,0.084656085,0,0,0.031746032,0.002645503,0.007936508,0.005291005,0.044973545,0.018518519,0.074074074,0.005291005,0.029100529,0,0.010582011,0.002645503,0.015873016,0.015873016,0,0.002645503,0.031746032,0.018518519,0.029100529,0,0.015873016,0.005291005,0.002645503,0,0.005291005,0,0,0,0.005291005,0,0,0,0,0,0,0,0,0,0
Collinsella aerofaciens_272,0.279411765,5.404411765,0.382352941,7.238970588,2.621323529,0.408088235,2.496323529,1.316176471,0.279411765,2.136029412,10.63235294,0.158088235,3.625,1.426470588,1.386029412,0.323529412,1.319852941,0.014705882,0.088235294,0.058823529,0.856617647,0.132352941,0.183823529,0.025735294,0.047794118,0.625,0.922794118,0.025735294,0.463235294,0.011029412,0.121323529,0,0.044117647,0.132352941,0.338235294,0.202205882,0.1875,0.091911765,0.470588235,0.003676471,0.382352941,0,0,0.003676471,0,0.080882353,0.110294118,0,0.029411765,0.095588235,0.029411765,0.011029412,0.036764706,0.011029412,0.066176471,0,0.018382353,0.011029412,0.029411765,0,0.003676471,0,0.003676471,0.003676471,0,0,0,0,0
Collinsella massiliensis_35,0.085714286,0.685714286,0.142857143,0.028571429,0.514285714,0.028571429,2.628571429,3.028571429,0.114285714,0.628571429,0.542857143,0.6,3.457142857,0.485714286,1.742857143,0.057142857,0.171428571,0,0.028571429,0,0.657142857,0,0,0.057142857,0.571428571,0.542857143,0.571428571,0.028571429,0,0.114285714,0.2,0,0.057142857,0.057142857,0.057142857,0.057142857,0.028571429,0,0.228571429,0,0.057142857,0.085714286,0.114285714,0.085714286,0,0,0.028571429,0,0.085714286,0,0,0.028571429,0,0,0,0,0,0,0.085714286,0,0.028571429,0,0,0,0,0,0,0,0
Coprobacillus catenaformis_17,0.882352941,1.470588235,2.470588235,0.176470588,0.411764706,0.176470588,0.647058824,0.294117647,0.176470588,0.352941176,1.176470588,0.058823529,1.882352941,0.294117647,0.411764706,0.058823529,0.529411765,0,0.235294118,0,0.176470588,0,0,0,0,0.058823529,1.176470588,0,0,0.058823529,0.294117647,0,0,0.058823529,0.176470588,0.058823529,0,0.294117647,0.235294118,0,0,0,0,0,0,0,0,0,0,0,0,0,0,0,0,0,0,0,0,0,0,0,0,0,0,0,0,0,0
Coprococcus comes_182,1.373626374,4.445054945,0.681318681,7.065934066,4.159340659,2.324175824,3.571428571,2.620879121,0.340659341,2.010989011,15.12637363,0.489010989,7.258241758,2.412087912,0.78021978,0.626373626,3.857142857,0.082417582,0.153846154,0.076923077,0.494505495,1.236263736,0.747252747,0.324175824,0.126373626,0.538461538,0.725274725,0.648351648,0.258241758,0.016483516,0.115384615,0.010989011,0.043956044,0.972527473,0.296703297,0.43956044,0.175824176,0.076923077,0.802197802,0.005494505,0.076923077,0,0.005494505,0.005494505,0,0.247252747,0.027472527,0.016483516,0.115384615,0.395604396,0.049450549,0.027472527,0.098901099,0.016483516,0.241758242,0,0.016483516,0.016483516,0.071428571,0,0.005494505,0,0,0.016483516,0,0,0,0,0
Coprococcus eutactus_138,0.188405797,5.253623188,0.413043478,1.079710145,1.528985507,0.586956522,2.594202899,1.413043478,0.34057971,1.333333333,2.217391304,0.050724638,2.268115942,1.31884058,0.753623188,0.31884058,0.565217391,0,0.072463768,0,0.384057971,0.072463768,0.253623188,0.02173913,0.231884058,0.449275362,1.536231884,0.072463768,0.036231884,0.007246377,0.065217391,0,0.014492754,0,0.275362319,0.297101449,0.050724638,0.347826087,0.398550725,0.007246377,0.123188406,0,0,0.007246377,0,0.028985507,0,0,0.028985507,0.086956522,0,0.014492754,0.007246377,0,0.007246377,0,0.007246377,0,0.007246377,0,0.007246377,0,0,0,0,0,0,0,0
Desulfovibrio simplex_90,0.288888889,2.766666667,0.388888889,2.111111111,0.444444444,0.177777778,1.188888889,0.788888889,0.466666667,0.677777778,4.522222222,0,3.611111111,0.4,0.622222222,0.011111111,1.955555556,0,0.077777778,0.044444444,0.466666667,1.522222222,1.188888889,2.544444444,0.8,0.388888889,1.855555556,0.077777778,0.022222222,0.022222222,0.088888889,0,0.033333333,0.011111111,0.088888889,0.066666667,0,0.044444444,0.422222222,0.044444444,0,0,0,0,0,0,0.033333333,0.011111111,0.055555556,0.2,0,0,0.044444444,0,0.044444444,0,0,0,0.011111111,0,0,0,0,0,0,0,0,0,0
Dialister invisus_164,0.170731707,3.274390244,0.402439024,0.664634146,2.823170732,0.774390244,1.987804878,1.62195122,0.274390244,1.573170732,2.012195122,1.042682927,6.37195122,1.945121951,0.475609756,0.12195122,0.847560976,0.036585366,0.073170732,0.030487805,0.75,0.12804878,0.18902439,0.042682927,0.018292683,0.335365854,0.853658537,0.048780488,0.012195122,0.042682927,0.182926829,0.006097561,0.036585366,0.018292683,0.12804878,0.067073171,0.146341463,0.115853659,0.158536585,0,0.780487805,0,0.012195122,0,0,0.201219512,0.134146341,0,0.018292683,0.12195122,0,0.018292683,0.054878049,0,0,0,0.018292683,0,0.030487805,0,0.006097561,0.012195122,0,0,0,0,0,0,0
Dialister pneumosintes_159,0.088050314,0.767295597,0.062893082,2.358490566,0.238993711,0.025157233,0.264150943,0.691823899,0.245283019,1.157232704,6.327044025,2.062893082,10.02515723,0.213836478,0.295597484,0.018867925,0.490566038,0,0.044025157,0.044025157,1.968553459,0.025157233,0,0,0,0.132075472,1.056603774,0.031446541,0.006289308,0.012578616,0.974842767,0.006289308,0.094339623,0.245283019,0.012578616,0,0.163522013,0.012578616,0.006289308,0,0.06918239,0,0.037735849,0,0,0.044025157,0.333333333,0,0.075471698,0,0.012578616,0.06918239,0.006289308,0,0,0,0,0,0.094339623,0,0,0.025157233,0,0.012578616,0,0,0,0,0
Dorea longicatena_109,0.220183486,4.724770642,0.458715596,1.431192661,2.357798165,0.495412844,3.376146789,3.431192661,0.137614679,1.605504587,2.788990826,0.055045872,4.275229358,2.220183486,1.155963303,0.266055046,0.458715596,0.055045872,0.091743119,0.256880734,0.541284404,0.119266055,0.073394495,0.082568807,0.064220183,0.706422018,0.449541284,0.064220183,0.009174312,0.009174312,0.055045872,0,0.018348624,0,0.266055046,0.201834862,0.027522936,0.100917431,0.311926606,0.009174312,0.055045872,0,0.110091743,0,0,0.027522936,0.064220183,0.009174312,0.064220183,0.100917431,0.036697248,0.018348624,0.009174312,0,0.467889908,0,0,0,0.009174312,0,0.009174312,0,0,0,0,0,0,0,0
Dorea massiliensis_26,0.230769231,3.461538462,0.153846154,6.153846154,1.269230769,0.153846154,5.192307692,2.346153846,0.307692308,0.961538462,6.461538462,0.423076923,2.653846154,0.961538462,0.423076923,0.076923077,0.846153846,0,0.269230769,0.076923077,1.423076923,0.038461538,0.038461538,0.115384615,1.038461538,0.576923077,0.692307692,0.038461538,0,0,1.961538462,0.038461538,0.192307692,0.076923077,0.038461538,0.153846154,0.038461538,0,0.846153846,0.038461538,0.115384615,0,0,0,0,0,0.461538462,0,0.153846154,0,0,0.153846154,0.038461538,0,0,0,0,0,0,0,0.038461538,0,0,0,0,0,0,0,0
Eggerthella lenta_442,0.201357466,2.133484163,0.246606335,0.852941176,1.00678733,0.253393665,1.660633484,2.538461538,0.266968326,0.945701357,2.398190045,0.260180995,3.176470588,0.7760181,0.545248869,0.128959276,0.450226244,0.004524887,0.176470588,0.106334842,0.606334842,0.099547511,0.104072398,0.364253394,0.126696833,0.43438914,0.610859729,0.070135747,0.067873303,0.013574661,0.438914027,0.070135747,0.040723982,0.047511312,0.070135747,0.038461538,0.038461538,0.031674208,0.06561086,0.009049774,0.260180995,0,0.002262443,0,0,0.022624434,0.056561086,0,0.031674208,0.033936652,0.011312217,0.013574661,0.056561086,0.015837104,0.124434389,0,0.029411765,0,0.031674208,0,0.002262443,0,0,0.002262443,0,0,0,0,0
Eisenbergiella massiliensis_9,0,0.888888889,0,0.111111111,1,0.222222222,3,7.333333333,0,0.333333333,0.888888889,0,1.111111111,0.222222222,0,0,0,0,0,0,0,0,0,0.111111111,0,0.222222222,0.222222222,0,0,0,0,0,0,0,0.111111111,0,0,0,0.111111111,0,0,0,0,0,0,0,0,0,0,0,0,0,0,0,0,0,0,0,0,0,0,0,0,0,0,0,0,0,0
Eisenbergiella tayi_13,0,5,0.230769231,1.538461538,1.461538462,0,1.153846154,0.846153846,0.153846154,0.692307692,2.923076923,0,0.769230769,1.769230769,0.307692308,0,0.230769231,0,0.076923077,0,0,0.076923077,0.076923077,0,0,0.461538462,0.769230769,0,0,0,0,0,0,0,0.076923077,0,0,0,0.230769231,0,0,0,0,0,0,0,0.076923077,0,0,0,0,0,0,0,0,0,0,0,0,0,0,0,0,0,0,0,0,0,0
Emergencia timonensis_5,0,0,0,0,0.2,0,0,0,0,0.6,0,0,1,0,0,0,0.2,0,0,0,2.2,0,0,0,2.4,0.6,0,0,0,0,0,0,0.2,0,0,0,0,0,0,0,0,0,0,0,0,0,0,0,0,0,0,0,0,0,0,0,0,0,0,0,0,0,0,0,0,0,0,0,0
Enteroccocus faecalis_100,0.21,1.65,0.42,1.74,1.32,0.25,0.73,0.55,0.55,1.44,1.68,0.89,19.21,0.22,0.54,0.22,3.87,0.16,0.29,0.1,3.84,0.71,0.45,0.35,0.02,0.19,0.89,0.14,0,0.05,0.41,0.2,0.04,0.01,0.39,0.01,0.16,0.24,0.27,0,0.05,0.12,0.11,0.02,0,0.61,0.4,0.07,0.66,0.48,0,0.14,0.04,0,0.06,0,0,0.03,0.01,0,0,0.02,0.02,0.07,0,0,0,0,0
Enteroccocus faecium_45,0.066666667,1.488888889,0.511111111,0.111111111,0.377777778,0.888888889,0.288888889,0.533333333,0.311111111,2.022222222,0.711111111,0.844444444,19.48888889,0.266666667,0.511111111,0.088888889,0.533333333,0,0.2,0,3.555555556,0.022222222,0,0,0.022222222,0.177777778,0.755555556,0.044444444,0,0,0.733333333,0.466666667,0.111111111,0,0,0.022222222,0.088888889,0,0.088888889,0.022222222,0.088888889,0,0.133333333,0.044444444,0,1.311111111,0.8,0.155555556,0.222222222,0.088888889,0,0.155555556,0.022222222,0,0,0,0,0,0.022222222,0,0,0.022222222,0.044444444,0.022222222,0,0,0,0,0
Enterococcus durans_500,0.132,5.922,0.116,0.736,0.722,0.204,0.324,0.196,0.962,0.676,1.616,0.106,6.52,0.346,0.878,0.436,0.614,0.014,0.024,0.016,1.11,0.036,0.058,0.008,0.008,0.148,0.946,0.01,0.008,0,0.692,0.114,0.096,0.03,0.064,0.01,0.082,0.034,0.042,0,0.09,0.002,0.102,0.066,0,0.37,0.808,0.356,0.066,0.014,0,0.102,0.006,0.002,0.04,0,0.014,0,0.008,0,0,0,0.004,0,0,0,0,0,0
Enterococcus faecium_500,0.426,4.592,0.458,1.968,0.67,0.178,0.522,0.528,0.506,0.968,6.59,0.382,17.118,0.486,1.008,0.364,1.364,0.042,0.114,0.17,5.358,0.21,0.144,0.08,0.112,0.256,2.358,0.866,0.03,0.02,0.826,0.396,0.244,0.144,0.09,0.006,0.1,0.066,0.06,0.002,0.004,0,0.06,0.016,0,0.108,0.564,0.088,0.73,0.09,0.016,0.082,0.044,0,0.008,0.006,0.004,0.004,0.008,0,0,0.058,0.016,0.024,0,0,0,0,0
Enterococcus hirae_500,0.182,3.704,0.62,4.806,0.63,0.144,0.282,0.268,1.068,1.098,8.166,0.09,6.54,0.322,0.802,0.334,0.502,0.016,0.036,0.112,1.838,0.078,0.118,0.008,0.026,0.196,2.502,0.166,0.024,0.008,0.334,0.09,0.088,0.08,0.058,0.006,0.104,0.012,0.034,0.004,0.05,0,0.072,0.056,0,0.424,0.454,0.25,0.104,0.048,0.008,0.092,0.012,0.006,0.002,0,0,0.002,0.002,0,0,0,0.008,0.008,0,0,0,0,0
Enterococcus lactis_500,0.23,20.31,0.502,1.788,1.594,0.148,2.452,1.196,1.434,1.462,5.052,0.124,7.6,0.676,2.116,0.532,1.066,0.016,0.096,0.026,1.442,0.218,0.354,0.25,0.032,0.556,1.63,0.044,0.058,0.01,0.13,0.03,0.108,0.006,0.496,0.142,0.164,0.272,0.316,0.016,0.074,0,0.064,0.024,0,0.006,0.4,0.112,0.116,0.032,0.004,0.07,0.078,0.006,0.004,0,0.004,0.002,0,0.002,0,0,0.008,0.004,0,0,0,0,0
Enterococcus xiangfangensis_12,0,3.083333333,0.416666667,0.416666667,2.333333333,0.166666667,0.166666667,0.166666667,0.5,0.666666667,1.5,0,6,0.916666667,0.75,0,0.333333333,0,0,0,5.916666667,0,0,0,0,0.5,1,0,0,0,0.5,0.166666667,0.166666667,0,0,0,0,0,0,0,0,0,0,0,0,0,0,0,0.083333333,0.166666667,0,0.083333333,0,0,0,0,0,0,0,0,0,0,0,0,0,0,0,0,0
Erysipelatoclostridium ramosum_10,0.4,0.1,0,0.2,0.2,0,11.7,1.1,0,0.3,2.1,0.2,1.6,0.5,0.1,0.1,1.6,0,0,0,0.1,0,0,0,0,0.2,0.5,0.1,0,0,0,0,0,0,0,0,0,0,0,0,0.1,0,0,0,0,0,0,0,0,0,0,0.2,0.5,0,0,0,0,0,0,0,0,0,0,0,0,0,0,0,0
Escherichai coli_51,0,1.901960784,0.039215686,0.117647059,0.019607843,0,0,0.098039216,0.490196078,0.058823529,0.274509804,0,1.745098039,0,1.490196078,0.137254902,0.098039216,0,0,0,0.470588235,0.019607843,0,0,0,0.058823529,1.019607843,0,0,0,0.490196078,0,0,0,0,0,0,0,0,0,0,0,0.019607843,0,0,0,0,0,0.196078431,0,0,0.019607843,0,0,0,0,0,0,0,0,0,0,0,0,0,0,0,0,0
Escherichia coli_500,0.104,0.742,0.386,1.422,0.326,0.052,0.246,0.336,0.814,0.23,3.59,0.484,9.306,0.118,0.688,0.092,0.852,0.058,0.198,0.056,2.068,0.208,0.058,0.114,0.122,0.244,2.198,0.206,0.012,0.068,0.286,0.072,0.064,0.064,0.18,0.002,0.012,0.042,0.012,0,0.034,0.014,0.16,0.01,0,0.004,0.052,0.052,0.262,0.01,0.048,0.046,0.036,0.004,0.008,0,0.01,0,0,0,0,0,0.024,0.002,0,0,0,0,0
Escherichia fergusonii_500,0.086,0.436,0.328,0.224,0.394,0.09,0.684,0.298,0.344,1.34,1.364,0.068,3.576,0.23,0.756,0.182,0.282,0,0.09,0.112,1.584,0.006,0.012,0.01,0.028,0.18,1.068,0.03,0,0.012,0.2,0.038,0.048,0.008,0.016,0.006,0.108,0.008,0.014,0,0.062,0.014,0.176,0.008,0,0.002,0.052,0.006,0.264,0.034,0.004,0.172,0.014,0,0,0,0.014,0,0.004,0,0.002,0,0.004,0,0,0,0,0,0
Eubacterium callanderi_19,0.684210526,4.105263158,0.105263158,0.105263158,0.421052632,0.105263158,2.052631579,0.421052632,0.105263158,0.473684211,2.631578947,0,1.421052632,0.421052632,0.157894737,0.052631579,0.421052632,0,0,0.052631579,0.157894737,0,0,0,0,0.736842105,1.421052632,0.052631579,0,0,0.157894737,0,0,0,0,0.052631579,0,0,1.157894737,0,0,0,0,0,0,0,0,0,0,0,0.263157895,0,0,0.052631579,0,0,0,0,0,0,0,0,0,0,0,0,0,0,0
Eubacterium contortum_84,0,1.095238095,0,0.023809524,1.464285714,0,0.107142857,0.05952381,0.047619048,0.25,0.107142857,0.071428571,1.488095238,0.285714286,0.345238095,0.071428571,0.071428571,0,0.011904762,0,0.488095238,0.023809524,0,0,0,0.083333333,0.321428571,0.011904762,0,0.083333333,0.154761905,0.035714286,0.035714286,0.071428571,0.035714286,0,0,0.011904762,0.011904762,0,0,0.035714286,0.047619048,0.05952381,0.023809524,0,0.011904762,0.011904762,0.047619048,0,0.095238095,0.05952381,0,0.047619048,0,0,0,0,0.05952381,0,0,0,0,0,0,0,0,0,0
Eubacterium eligens_168,0.214285714,5.982142857,0.392857143,2.029761905,1.416666667,0.541666667,2.238095238,3.976190476,0.178571429,1.18452381,5.767857143,0.077380952,2.982142857,1.071428571,0.988095238,0.273809524,0.351190476,0.011904762,0.05952381,0.005952381,0.648809524,0.130952381,0.029761905,0.011904762,0.25,0.672619048,3.720238095,0.119047619,0.005952381,0.005952381,0.083333333,0,0.017857143,0.029761905,0.125,0.053571429,0.023809524,0.053571429,0.333333333,0.011904762,0.017857143,0,0.011904762,0,0,0.017857143,0.041666667,0,0.041666667,0.053571429,0,0.023809524,0,0.005952381,0.005952381,0,0,0.017857143,0.011904762,0,0.005952381,0,0,0.005952381,0,0,0,0,0
Eubacterium limosum_500,0.068,1.546,0.15,2.902,1.006,0.02,0.502,0.318,0.086,0.654,2.374,0.02,1.684,0.354,0.536,0.054,0.272,0.014,0.014,0.002,0.528,0.038,0.038,0.002,0.03,0.246,0.462,0.008,0.004,0.002,0.058,0.006,0.018,0.018,0.044,0.038,0.018,0.004,0.186,0,0.002,0,0.01,0,0,0,0.036,0.014,0.02,0.046,0.026,0.014,0.01,0.012,0.006,0,0,0,0.002,0.002,0.002,0,0.004,0,0,0,0,0,0
Eubacterium ramosum_302,0.043046358,0.834437086,0.069536424,0.105960265,0.80794702,0.066225166,2.407284768,2.437086093,0.052980132,0.69205298,0.71192053,0.162251656,1.990066225,0.460264901,0.864238411,0.086092715,0.145695364,0,0.089403974,0.033112583,0.354304636,0.043046358,0.043046358,0.026490066,0.013245033,0.188741722,0.30794702,0.056291391,0.006622517,0.006622517,0.215231788,0.039735099,0.01986755,0.009933775,0.01986755,0.016556291,0.039735099,0.003311258,0.029801325,0.01986755,0.016556291,0,0,0.003311258,0,0.006622517,0.01986755,0,0.029801325,0.003311258,0.026490066,0.029801325,0.013245033,0.01986755,0.003311258,0,0.013245033,0.009933775,0.086092715,0,0.003311258,0.003311258,0,0,0,0,0,0,0
Eubacterium rectale_500,0.394,6.782,0.534,2.468,3.27,0.238,6.79,4.696,0.472,2.42,7.252,0.03,3.242,2.244,0.834,0.138,0.954,0.028,0.194,0.13,0.344,0.378,0.324,0.406,0.22,1.116,1.376,0.28,0.14,0.008,0.064,0.008,0.026,0.022,1.702,0.192,0.108,0.202,0.628,0.024,0.042,0,0.012,0.002,0,0.008,0.016,0.004,0.014,0.074,0.006,0.012,0.126,0.002,0.08,0,0,0.008,0,0,0.014,0,0,0.004,0,0,0,0.002,0
Faecalibacterium prausnitzii_500,0.556,8.316,0.834,4.282,6.32,0.43,5.56,4.442,0.644,3.1,7.748,0.046,4.916,3.818,1.762,0.306,3.024,0.016,0.274,0.12,0.422,0.856,0.636,0.624,0.202,0.72,1.876,0.318,0.458,0.028,0.112,0.016,0.044,0.022,0.62,0.124,0.152,0.276,0.69,0.04,0.018,0.006,0.02,0.012,0,0.088,0.054,0.036,0.064,0.068,0.008,0.01,0.15,0.002,0.082,0,0,0.014,0.008,0,0.034,0,0,0.002,0,0,0,0.002,0
Faecalibacterium prauznitzii_37,0.72972973,6.081081081,0.783783784,2.432432432,5.108108108,0.108108108,6.162162162,8.540540541,0.351351351,2.621621622,3.945945946,0.027027027,4.297297297,3.648648649,0.405405405,0.189189189,1.135135135,0.027027027,0.162162162,0.027027027,0.27027027,0.081081081,0.189189189,0.054054054,0.378378378,0.243243243,0.702702703,0.027027027,0.027027027,0.027027027,0.081081081,0.054054054,0.108108108,0.081081081,0.540540541,0.378378378,0.243243243,0.027027027,0.054054054,0,0,0,0,0,0,0,0,0,0,0,0,0,0,0,0,0,0,0,0,0,0,0,0,0,0,0,0,0,0
Faecalitalea cylindroides_7,0,9.142857143,0,0,0,0,0.142857143,0,0,0.571428571,0.428571429,0,0.714285714,0.571428571,1.142857143,0,0.857142857,0,0.142857143,0,0,0.142857143,0,0,0,0.857142857,0.285714286,0,0,0,0.142857143,0,0,0,0,0,0,0,1.857142857,0,0,0,0,0,0,0.142857143,0.714285714,0,0,0,0,0,0,0,0,0,0,0,0,0,0,0,0,0,0,0,0,0,0
Flavonifractor plautii_99,0.161616162,3.494949495,0.353535354,12.43434343,2.171717172,0.101010101,3.212121212,1.161616162,0.636363636,0.97979798,8.272727273,0.080808081,3.717171717,0.828282828,0.909090909,0.060606061,2.050505051,0,0.01010101,0,0.333333333,0.050505051,0.04040404,0,0.252525253,0.555555556,1.181818182,0.050505051,0,0.04040404,0.131313131,0.01010101,0.02020202,0.03030303,0.090909091,0.03030303,0.191919192,0,0.464646465,0.01010101,0.02020202,0.03030303,0.04040404,0.03030303,0,0,0.070707071,0,0.02020202,0.03030303,0,0,0.01010101,0,0.03030303,0,0,0,0.060606061,0.01010101,0,0,0,0,0,0,0,0,0
Fusicatenibacter saccharivorans_20,0.1,2.85,0.7,1.3,2.3,0.05,0.9,1.25,0.25,1.55,3.1,0,4.8,3.35,1.95,0.85,0.4,0,0,0,0.3,0,0,0,0,0.35,0.75,0.2,0,0,0.2,0,0,0.1,0,0,0.05,0,0.05,0,0.15,0,0,0,0,0,0,0,0,0,0,0.05,0,0,0,0,0,0,0,0,0,0,0,0,0,0,0,0,0
Fusobacterium nucleatum_500,0.216,2.262,0.38,11.452,2.338,0.356,1.964,1.97,1.804,1.772,23.682,0.764,9.362,1.326,0.436,0.054,1.224,0.046,0.13,0.028,1.614,0.326,0.17,0.264,0.152,0.22,1.79,0.15,0.036,0.144,0.252,0.046,0.094,0.02,0.066,0.004,0.102,0.016,0.058,0.012,0.05,0,0.048,0.004,0,0.008,0.262,0.016,0.094,0.032,0.01,0.028,0.07,0,0.036,0,0.02,0.006,0.016,0.008,0.004,0.024,0.004,0,0.002,0,0,0,0
Gemmiger formicilis_38,0.210526316,5.631578947,0.552631579,5,2.447368421,0.763157895,3.289473684,2.210526316,0.210526316,2.342105263,4.552631579,0.052631579,2.473684211,2.868421053,1.236842105,0.210526316,0.394736842,0.026315789,0.026315789,0,1.394736842,0.078947368,0,0,0.368421053,0.368421053,0.657894737,0.026315789,0.026315789,0.105263158,0.236842105,0,0.052631579,0.052631579,0.394736842,0.105263158,0.052631579,0.078947368,0.131578947,0.026315789,0,0.078947368,0.105263158,0.078947368,0,0,0.184210526,0.026315789,0.236842105,0.421052632,0.236842105,0.078947368,0.026315789,0,0,0,0,0,0.052631579,0,0.026315789,0,0,0,0,0,0,0,0
Gordonibacter pamelaeae_56,0.196428571,2.821428571,0.071428571,0.464285714,1.946428571,0.857142857,3.392857143,0.678571429,0.75,1.410714286,1.5,0.071428571,1.178571429,1.982142857,0.142857143,0.089285714,0.642857143,0,0.017857143,0.017857143,0.125,0.035714286,0.017857143,0,0,0.589285714,0.357142857,0.017857143,0.410714286,0.017857143,0.517857143,0,0.017857143,0,0.071428571,0.035714286,0,0,0.392857143,0,0.017857143,0,0,0,0,0.017857143,0.017857143,0.035714286,0,0,0,0.035714286,0.339285714,0,0,0,0,0,0,0,0,0,0,0,0,0,0,0,0
Gordonibacter urolithinfaciens_20,0.1,3.3,0,0.45,1.7,0.15,2,1.15,0.5,0.65,5.8,0,1.3,2.1,0.2,0.15,0.95,0.05,0,0.05,0,0.2,0.05,0,0.05,1.25,0.55,0,0.05,0.2,0.15,0,0,0,0,0.05,0,0,0,0,0,0.15,0.2,0.15,0,0,0,0.1,0,0,0,0,0,0,0,0,0,0,0,0,0,0,0,0,0,0,0,0,0
Hungatella effluvii_8,0,2.25,0,0.125,4.875,0,0.125,0,0.625,1,0.375,0,1.375,1.625,0.375,0,0.5,0,0,0,0.75,0,0,0,0,1,1.625,0,0,0,0,0,0,0,0.125,0,0,0,3,0,0,0,0,0,0,0,0,0.125,0,0,0,0,0,0,0.125,0,0,0,0,0,0,0,0,0,0,0,0,0,0
Hungatella hathewayi_19,0,1.210526316,0,0.684210526,2.105263158,0,0.105263158,0.052631579,0.368421053,0.736842105,4.736842105,0,2.947368421,0.684210526,0.421052632,0.052631579,0.473684211,0,0,0,0.526315789,0,0,0,0,0.473684211,1.526315789,0,0,0,0,0,0,0,0.052631579,0,0,0,1.263157895,0,0,0,0,0,0,0,0,0.052631579,0,0,0,0,0,0,0.052631579,0,0,0,0,0,0,0,0,0,0,0,0,0,0
Intestinibacter bartlettii_13,0.076923077,1.153846154,0.153846154,0.153846154,0.769230769,0.230769231,4.538461538,6.615384615,0,1.461538462,1.153846154,0,1.153846154,2.384615385,0.538461538,0,0.692307692,0,0.076923077,0,0,0,0,0,0,0.153846154,1,0,0,0,0,0,0,0,0,0.153846154,0,0,0.076923077,0,0,0,0,0,0,0,0,0,0,0,0,0,0.076923077,0.076923077,0,0,0,0,0,0,0,0,0,0,0,0,0,0,0
Intestinimonas butyriciproducens_31,0.032258065,3.483870968,0.193548387,0.419354839,0.806451613,0,2.580645161,1.322580645,0.032258065,1.064516129,1.193548387,0,2.064516129,0.290322581,0.516129032,0.032258065,0.032258065,0,0.032258065,0.032258065,0,0.032258065,0,0,0.387096774,0.225806452,0.709677419,0.129032258,0,0,0.096774194,0,0,0,0.129032258,0,0,0,0.741935484,0,0,0,0,0,0,0,0.193548387,0,0,0,0,0,0.032258065,0,0,0,0,0,0,0,0,0,0,0,0,0,0,0,0
Intestinimonas massiliensis_15,0,3,0,0.2,0.4,0,1.6,4.266666667,0,0.8,0.8,0,1.2,0.4,0.266666667,0,0.2,0,0,0,0,0,0,0,0.8,0.333333333,0,0,0,0,0.066666667,0,0,0,0,0,0,0,0,0,0.066666667,0,0,0,0,0,0.333333333,0,0,0,0,0,0.066666667,0,0,0,0,0,0,0,0,0,0,0,0,0,0,0,0
Lachnospira pectinoschiza_50,0.26,4.32,0.4,2.82,4.7,0.08,3.18,2.48,0.34,1.84,6.48,0.06,1.6,2.52,0.98,0.06,1,0,0.06,0.1,0.2,0.02,0.04,0.1,0.06,0.88,1.22,0.02,0,0,0.1,0,0,0.02,0.22,0.4,0.14,0.04,0.2,0,0,0,0,0,0,0,0.04,0,0.02,0.1,0,0.02,0.08,0,0,0,0,0.02,0.02,0,0,0,0,0,0,0,0,0,0
Lactobacillus brevis_500,0.152,13.442,0.47,0.792,0.884,0.124,1.672,0.958,1.752,0.776,2.69,0.024,3.644,0.376,0.734,0.168,1.016,0.056,0.156,0.024,0.534,0.436,0.794,0.366,0.128,0.384,3.324,0.058,0.086,0.212,0.066,0.002,0.024,0,0.2,0.052,0.048,0.296,0.246,0.002,0.178,0,0.026,0.004,0.002,0.002,0.032,0.028,0.012,0.03,0.008,0.014,0.132,0,0.014,0,0.006,0.014,0.002,0.002,0,0,0.002,0.002,0,0,0,0,0
Lactococcus lactis_500,0.256,10.516,0.47,1.84,1.158,0.124,1.924,1.468,1.352,0.896,4.172,0.152,6.228,0.512,1.006,0.136,0.788,0.028,0.068,0.078,1.388,0.136,0.122,0.234,0.032,0.352,2.81,0.022,0.112,0.018,0.09,0.02,0.088,0.008,0.166,0.056,0.118,0.156,0.128,0.012,0.054,0.002,0.108,0.012,0,0.004,0.438,0.066,0.086,0.034,0.01,0.044,0.064,0.006,0.002,0,0,0,0,0.002,0.002,0,0.018,0,0,0.004,0,0,0
Lactonifactor longoviformis_28,0.107142857,6.428571429,0.178571429,2.5,2.5,0.107142857,5.285714286,1.964285714,0.785714286,1.428571429,4.821428571,0,2.357142857,1.892857143,1.5,0.821428571,2.25,0.035714286,0,0.107142857,0.107142857,0.214285714,0,0.142857143,0,0.857142857,1.142857143,0,0,0,0.107142857,0,0,0,0.142857143,0.178571429,0.035714286,0.035714286,0,0,0,0,0,0,0,0,0.178571429,0.035714286,0.071428571,0.071428571,0,0,0,0,0,0,0,0,0,0,0,0,0,0,0,0,0,0,0
Lawsonibacter asaccharolyticus_1,0,0,0,0,0,0,0,0,0,1,0,0,0,0,0,0,0,0,0,0,0,0,0,0,0,0,0,0,0,0,0,0,0,0,0,0,0,0,0,0,0,0,0,0,0,0,0,0,0,0,0,0,0,0,0,0,0,0,0,0,0,0,0,0,0,0,0,0,0
Massilioclostridium coli_1,0,0,0,0,0,0,0,0,0,1,2,0,1,0,0,0,0,0,0,0,0,0,0,0,0,0,0,0,0,0,0,0,0,0,0,0,0,0,0,0,0,0,0,0,0,0,0,0,0,0,0,0,0,0,0,0,0,0,0,0,0,0,0,0,0,0,0,0,0
Megasphaera cerevisiae_126,0.166666667,7.650793651,0.492063492,0.182539683,0.420634921,0.595238095,0.452380952,0.428571429,0.341269841,0.53968254,0.46031746,0.333333333,1.484126984,0.365079365,2.03968254,0.166666667,0.246031746,0,0.111111111,0.015873016,0.325396825,0.166666667,0.03968254,0.007936508,0.031746032,0.285714286,0.96031746,0.023809524,0,0.031746032,0.015873016,0.007936508,0.007936508,0.063492063,0.031746032,0.079365079,0.015873016,0.015873016,0.03968254,0,0.261904762,0,0,0,0,0,0.071428571,0.007936508,0.023809524,0.404761905,0,0.015873016,0.007936508,0,0,0,0.015873016,0,0,0,0,0,0,0,0,0,0,0,0
Merdibacter massiliensis_2,0,0,0,0,0,0,0.5,0,0,2,0,0.5,0.5,0,0,0,0,0,0,0,0,0,0,0,0,0,0,0,0,0,0,0,0.5,0,0,0,0,0,0,0,0.5,0,0,0,0,0,0,0,0,0,0,0,0,0,0,0,0,0,0,0,0,0,0,0,0,0,0,0,0
Mobilibacterium timonense_1,0,0,0,0,0,0,0,0,0,0,0,0,2,0,0,0,0,0,0,0,0,0,0,0,0,0,0,0,0,0,0,0,0,0,0,0,0,0,0,0,0,0,0,0,0,0,0,0,0,0,0,0,0,0,0,0,0,0,0,0,0,0,0,0,0,0,0,0,0
Murimonas intestini_4,0,0.25,0,0.25,0.25,0.25,1,2,0.25,0,0.75,0,0.75,0.5,1.75,0,0,0,0,0.25,0.75,0,0,0,0,0.25,1.5,0,0,0,1,0,0.25,0,0,0,0,0,0,0,0,0,0,0,0,0,0,0,0,0,0,0,0,0,0,0,0,0,0.25,0,0,0,0,0,0,0,0,0,0
Negativibacillus massiliensis_2,0,0,0,0,0,0,0,0,0,0,0,0,1,0,0,0,0,0,0,0,0,0,0,0,0,0,4,0,0,0,0,0,0,0,0,0,0,0,0,0,0,0,0,0,0,0,0,0,0,0,0,0,0,0,0,0,0,0,0,0,0,0,0,0,0,0,0,0,0
Olsenella scatoligenes_12,0.166666667,2.333333333,0.083333333,0.583333333,0.5,0.166666667,1.083333333,0.416666667,0,0.666666667,0.75,1.333333333,2.916666667,0.416666667,0.083333333,0.083333333,0.25,0,0,0,0.75,0.083333333,0,0,0,0.25,0.5,0,0,0,0.25,0,0.166666667,0.166666667,0.166666667,0,0,0.166666667,0,0,0,0,0,0,0,0,0.25,0,0,0,0,0,0,0,0,0,0.166666667,0,0,0,0,0,0,0,0,0,0,0,0
Oscillibacter rumenantium_500,0.798,4.568,0.636,1.608,2.038,0.97,6.298,2.346,0.176,1.566,3.462,0.036,4.612,1.032,1.342,0.142,0.844,0.016,0.348,0.128,0.29,0.988,0.27,0.448,0.1,0.428,0.7,0.798,0.084,0.028,0.074,0.008,0.02,0.01,0.144,0.084,0.074,0.062,0.364,0.022,0.028,0,0,0,0,0.018,0.006,0.002,0.016,0.184,0.002,0.004,0.13,0.002,0.026,0,0,0,0.002,0,0,0,0,0.002,0,0,0,0,0
Oscillibacter ruminantium_43,0.186046512,1.930232558,0.627906977,0.11627907,0.558139535,0.627906977,2.395348837,0.674418605,0.023255814,0.581395349,0.534883721,0.046511628,2.930232558,0.302325581,0.069767442,0,0.162790698,0,0.11627907,0,0.069767442,0.697674419,0.093023256,0.046511628,0.279069767,0.395348837,0.674418605,0,0,0.069767442,0.186046512,0.046511628,0,0.093023256,0.11627907,0.023255814,0.046511628,0,0.023255814,0.023255814,0.046511628,0,0,0,0,0,0.023255814,0,0,0.325581395,0,0,0,0,0,0,0,0,0,0,0,0,0,0,0,0,0,0,0
Oscillibacter valericigenes_71,0.225352113,4.225352113,0.492957746,0.23943662,1.887323944,0.112676056,3.253521127,0.605633803,0.126760563,1.211267606,0.76056338,0.028169014,1.915492958,0.549295775,0.549295775,0.028169014,0.23943662,0,0.154929577,0,0.225352113,0.14084507,0.056338028,0.014084507,0.042253521,0.253521127,0.61971831,3.338028169,0,0.084507042,0.070422535,0,0.014084507,0,0.042253521,0.070422535,0.070422535,0,0.126760563,0.028169014,0.028169014,0,0,0,0,0,0,0,0,0,0,0,0.028169014,0,0,0,0,0,0,0,0,0,0,0.014084507,0,0,0,0,0
Paeniclostridium sordellii_17,0,0.235294118,0,0,2.588235294,0,0.117647059,0,0.235294118,0.117647059,0.058823529,0,5.647058824,0.352941176,2.588235294,0.117647059,0.235294118,0,0.058823529,0,0.235294118,0,0,0,0,0.411764706,1.529411765,0,0,0.058823529,0.294117647,0,0.058823529,0,0.117647059,0,0.235294118,0,0,0,0,0,0,0,0,0,0,0,0,0,0,0,0,0,0,0,0,0,0,0,0,0,0,0,0,0,0,0,0
Parabacteroides distasonis_500,0.464,2.91,0.342,2.898,4.914,0.496,3.316,1.694,0.354,1.49,6.194,0.426,5.032,1.848,0.836,0.216,1.676,0.058,0.12,0.05,0.786,0.22,0.174,0.068,0.072,0.466,0.866,0.04,0.358,0.05,0.388,0.024,0.06,0.51,0.234,0.078,0.114,0.058,0.442,0.002,0.07,0.006,0.168,0.012,0.002,0.206,0.088,0.004,0.042,0.106,0.054,0.02,0.102,0.002,0.104,0,0.008,0.084,0.06,0.006,0.036,0,0.002,0.01,0,0,0,0,0
Parabacteroides goldsteinii_101,0.297029703,1.01980198,0.435643564,3.712871287,1.663366337,0.386138614,4.267326733,2.297029703,0.099009901,1.059405941,7.118811881,0.227722772,2.316831683,0.712871287,0.782178218,0.059405941,0.346534653,0.02970297,0.158415842,0.425742574,0.287128713,0.514851485,0.03960396,0.059405941,0.01980198,0.346534653,0.485148515,1.673267327,0,0.01980198,0.178217822,0.069306931,0.03960396,0.257425743,0.02970297,0.01980198,0.04950495,0,0.02970297,0,0.138613861,0,0.00990099,0,0,0,0.02970297,0,0.059405941,0.03960396,0,0.01980198,0,0,0.217821782,0,0,0.00990099,0.079207921,0,0.00990099,0,0,0.00990099,0,0,0,0,0
Parabacteroides gordonii_38,0.210526316,0.947368421,0.447368421,2.105263158,0.657894737,0.263157895,1.815789474,1.315789474,0.710526316,1.578947368,2.526315789,0.447368421,6.421052632,0.421052632,1.605263158,0.026315789,0.394736842,0,0.236842105,0.052631579,3.736842105,0.026315789,0,0,0.026315789,0.736842105,0.921052632,0.078947368,0,0.026315789,1.368421053,0.026315789,0.210526316,0.052631579,0.026315789,0.026315789,0.078947368,0.026315789,0.026315789,0,0.447368421,0,0.368421053,0,0,0.026315789,0.263157895,0,0.131578947,0.026315789,0.105263158,0.157894737,0.631578947,0,0,0,0,0,0,0,0.026315789,0,0,0,0,0,0,0,0
Parabacteroides johnsonii_129,0.581395349,5.201550388,0.472868217,1.356589147,2.713178295,0.837209302,3.062015504,2.426356589,0.317829457,2.558139535,4.263565891,0.209302326,6.658914729,1.651162791,1.093023256,0.069767442,0.395348837,0.007751938,0.186046512,0.03875969,0.759689922,0.395348837,0.302325581,0.03875969,0.139534884,0.488372093,0.503875969,0.472868217,0.356589147,0.069767442,0.534883721,0.007751938,0.07751938,0.007751938,0.294573643,0,0.124031008,0.248062016,0.15503876,0.007751938,0.031007752,0.023255814,0.100775194,0.023255814,0,0.062015504,0.093023256,0,0.03875969,0.07751938,0.007751938,0.054263566,0.131782946,0,0,0,0,0.007751938,0.007751938,0,0.015503876,0,0,0.007751938,0,0,0,0,0
Parabacteroides merdae_163,0.257668712,1.699386503,0.582822086,3.889570552,1.687116564,0.63190184,1.90797546,0.926380368,0.141104294,1.63803681,3.460122699,0.282208589,2.711656442,1.141104294,0.466257669,0.085889571,1.073619632,0.006134969,0.067484663,0.141104294,1.09202454,0.564417178,0.085889571,0.085889571,0.006134969,0.312883436,0.63803681,0.036809816,0.006134969,0.036809816,0.171779141,0.012269939,0.024539877,0.153374233,0.165644172,0.006134969,0.055214724,0.036809816,0.030674847,0.006134969,0.098159509,0.018404908,0.049079755,0.018404908,0,0.018404908,0.147239264,0.006134969,0.049079755,0.141104294,0.012269939,0.006134969,0.030674847,0,0.312883436,0,0,0.36196319,0.085889571,0,0.006134969,0,0,0,0,0,0,0,0
Parasutterella excrementihominis_39,0.051282051,4.205128205,0.102564103,3.128205128,4.307692308,0.076923077,6.461538462,2.743589744,0.153846154,1.692307692,8.025641026,0.025641026,3.615384615,2.41025641,1.846153846,0.179487179,1.871794872,0,0.051282051,0,0.230769231,0.051282051,0.025641026,0,0.384615385,0.564102564,0.923076923,0.051282051,0,0,0.179487179,0,0,0,0.179487179,0.102564103,0.025641026,0.051282051,0.358974359,0,0.41025641,0,0,0,0,0,0.128205128,0,0.128205128,0.076923077,0,0.076923077,0,0,0.025641026,0,0,0,0,0,0.025641026,0,0,0,0,0,0,0,0
Phocea massiliensis_6,0,0,0,0,0.166666667,0,0,0,0,0.166666667,0,0,1.166666667,0,0,0,0,0,0,0,0,0,0,0,2,0.5,0,0,0,0,0,0,0,0,0,0,0,0,0,0,0,0,0,0,0,0,0,0,0,0,0,0,0,0,0,0,0,0,0,0,0,0,0,0,0,0,0,0,0
Prevotella copri_500,0.352,2.416,0.742,1.992,2.162,0.418,4.444,3.728,0.194,2.258,3.594,0.188,7.094,1.412,1.232,0.142,0.68,0.006,0.162,0.168,0.366,0.192,0.132,0.162,0.128,0.406,0.59,0.072,0.236,0.034,0.06,0.002,0.036,0.01,0.116,0.052,0.048,0.058,0.164,0.012,0.046,0,0.032,0.006,0,0.126,0.02,0.002,0.022,0.062,0,0.014,0.298,0.002,0.324,0.002,0,0.004,0.008,0,0.012,0,0.002,0.004,0,0,0,0,0
Prevotella rara_3,6.333333333,0,0,0.333333333,1,1,0.666666667,1,0,1,5,0,4,1,0,0,0,0,0.666666667,0,0,0,0,0,0,0,0.333333333,0,0,0,0,0,0,0,0,0,0,0,0,0,0,0,0,0,0,0,0,0,0,0,0,0,0,0,0,0,0,0,0,0,0,0,0,0,0,0,0,0,0
Romboutsia lituseburensis_8,0,0.25,0,0.125,0.75,0,0.25,0.5,0,0.25,1.25,0,3.5,0,0.125,1.5,0,0,0,0,1.5,0,0,0,0,0.125,3.75,0,0,0,0,0,0,0,0,0,0,0,0,0,0,0,0,0,0,0,0,0,0,0,0,0,0,0,0,0,0,0,0,0,0,0,0,0,0,0,0,0,0
Romboutsia timonensis_7,0,0.857142857,0.142857143,1.571428571,1.285714286,0.142857143,0.571428571,0.285714286,0,1.142857143,6.428571429,0.142857143,3.571428571,0.714285714,0.142857143,0,0.142857143,0,0,0,0,0,0,0,0,0.428571429,4.714285714,0,0,0,0,0,0,0,0,0,0,0,0.142857143,0,0,0,0,0,0,0,0,0,0,0,0,0,0,0,0,0,0,0,0,0,0,0,0,0,0,0,0,0,0
Roseburia intestinalis_463,0.784017279,6.034557235,0.669546436,3.764578834,3.421166307,1.045356371,5.684665227,4.278617711,0.423326134,2.289416847,7.568034557,0.127429806,4.602591793,2.241900648,0.902807775,0.319654428,2.574514039,0.025917927,0.207343413,0.140388769,0.308855292,0.35637149,0.328293737,0.118790497,0.084233261,0.902807775,1.051835853,0.464362851,0.157667387,0.017278618,0.056155508,0.006479482,0.012958963,0.304535637,0.254859611,0.218142549,0.069114471,0.05399568,0.339092873,0.021598272,0.09287257,0,0.012958963,0,0,0.174946004,0.095032397,0.008639309,0.017278618,0.140388769,0.004319654,0.008639309,0.125269978,0.004319654,0.09287257,0,0.002159827,0.006479482,0.002159827,0,0.006479482,0,0,0.01511879,0,0,0,0,0
Roseburia inulinivorans_210,0.123809524,3.619047619,0.538095238,0.571428571,2.642857143,0.195238095,2.619047619,3.823809524,0.29047619,1.714285714,3.419047619,0.033333333,2.623809524,2.033333333,0.423809524,0.39047619,0.361904762,0.004761905,0.09047619,0.119047619,0.276190476,0.195238095,0.185714286,0.061904762,0.028571429,0.604761905,0.919047619,0.076190476,0.09047619,0.004761905,0.038095238,0.004761905,0.004761905,0.033333333,0.095238095,0.071428571,0.028571429,0.042857143,0.095238095,0.00952381,0.014285714,0,0.00952381,0,0.004761905,0.00952381,0.042857143,0.004761905,0.00952381,0.052380952,0.00952381,0,0.095238095,0.004761905,0.147619048,0,0,0,0,0,0.004761905,0,0,0,0,0,0,0,0
Ruminococcus bicirculans_25,0.08,0.8,0.32,0.12,2.72,0.04,0.24,0.36,0.24,1.08,1.28,0.04,1.64,0.84,0.48,0,0.36,0,0,0,0.44,0,0,0.04,0.16,0.24,1.56,0,0,0,0.04,0,0,0,0,0,0,0,0,0,0,0,0,0,0,0,0,0,0,0.12,0,0.04,0,0,0,0,0,0,0,0,0,0,0,0,0,0,0,0,0
Ruminococcus bromii_486,0.248971193,5.119341564,0.446502058,0.997942387,2.329218107,0.133744856,5.047325103,2.625514403,0.300411523,1.851851852,3.934156379,0.030864198,2.788065844,1.672839506,0.907407407,0.49382716,0.557613169,0.028806584,0.181069959,0.028806584,0.29218107,0.170781893,0.160493827,0.325102881,0.049382716,0.796296296,0.855967078,0.057613169,0.358024691,0.004115226,0.03909465,0.004115226,0.020576132,0.018518519,0.374485597,0.141975309,0.12345679,0.185185185,0.197530864,0.008230453,0.014403292,0,0.030864198,0,0,0.016460905,0.037037037,0.004115226,0.026748971,0.094650206,0.022633745,0.014403292,0.055555556,0.004115226,0.020576132,0,0,0,0.010288066,0,0.012345679,0,0,0,0,0,0,0.002057613,0
Ruminococcus gnavus_500,1.032,3.688,0.722,4.866,6.95,1.924,3.456,2.424,0.812,2.424,11.812,0.224,6.654,3.412,1.578,0.492,3.346,0.058,0.192,0.17,0.64,0.634,0.476,0.456,0.14,0.578,0.786,0.12,0.152,0.024,0.16,0.01,0.07,0.642,0.21,0.254,0.142,0.098,0.466,0.01,0.042,0,0.022,0.01,0,0.442,0.082,0.018,0.036,0.232,0.16,0.01,0.1,0.004,0.072,0,0,0.012,0.006,0.002,0.046,0,0,0.03,0,0,0,0,0
Ruminococcus obeum_308,0.155844156,4.084415584,0.363636364,1.811688312,1.785714286,0.12987013,2.376623377,1.025974026,0.321428571,1.850649351,3.483766234,0.048701299,3.042207792,1.025974026,0.831168831,0.451298701,0.441558442,0,0.042207792,0.006493506,0.399350649,0.068181818,0.077922078,0.032467532,0.042207792,0.438311688,0.711038961,0.032467532,0.00974026,0.00974026,0.074675325,0,0.022727273,0.00974026,0.230519481,0.094155844,0.198051948,0.094155844,0.100649351,0.006493506,0.123376623,0,0.032467532,0,0,0.048701299,0.048701299,0.003246753,0.035714286,0.071428571,0.006493506,0.012987013,0.194805195,0,0.11038961,0,0.003246753,0.003246753,0.00974026,0,0.006493506,0,0,0,0,0,0,0,0.003246753
Ruminococcus torques_373,0.589812332,5.504021448,0.587131367,3.343163539,4.361930295,1.008042895,2.772117962,2.54155496,0.506702413,1.847184987,6.512064343,0.150134048,4.549597855,2.81233244,1.268096515,0.493297587,2.219839142,0.061662198,0.107238606,0.029490617,0.442359249,0.678284182,0.568364611,0.581769437,0.056300268,0.769436997,0.806970509,0.469168901,0.117962466,0.013404826,0.072386059,0,0.024128686,0.487935657,0.241286863,0.356568365,0.120643432,0.109919571,0.697050938,0.021447721,0.064343164,0,0,0,0,0.150134048,0.042895442,0.013404826,0.013404826,0.160857909,0.064343164,0.008042895,0.075067024,0.002680965,0.109919571,0,0.002680965,0.008042895,0.00536193,0,0.034852547,0,0,0.010723861,0,0,0,0,0
Rummeliibacillus suwensis_37,0,1.675675676,0.081081081,0.081081081,0.162162162,0.027027027,0.405405405,0.216216216,0.054054054,0.189189189,0.351351351,0.27027027,6.675675676,0.027027027,0,0.135135135,1.72972973,0,0,0,0.378378378,0,0,0,0,0.27027027,1.135135135,0.027027027,0,0,0.081081081,0,0.027027027,0,0.108108108,0,0,0,0,0,0.027027027,0,0,0.054054054,0,0,0.054054054,0,0.054054054,0,0.027027027,0,0,0,0,0,0.027027027,0,0,0,0,0,0,0,0,0,0,0,0
Sellimonas intestinalis_1,0,0,0,0,0,0,0,0,0,1,0,0,2,0,0,0,0,0,0,0,0,0,0,0,0,0,0,0,0,0,0,0,0,0,0,0,0,0,0,0,0,0,0,0,0,0,0,0,0,0,0,0,0,0,0,0,0,0,0,0,0,0,0,0,0,0,0,0,0
Shigella flexneri_500,0.264,0.914,1.228,1.04,0.898,0.022,0.152,0.344,1.292,0.764,3.638,0.406,15.202,0.286,2.16,1.33,0.73,0.148,0.09,0.014,4.094,0.048,0.082,0.04,0.106,0.176,3.208,0.042,0.092,0.024,0.118,0.054,0.11,0.004,0.048,0.02,0.104,0.034,0.066,0.006,0.028,0,0.238,0.01,0,0.008,0.118,0.08,0.252,0.018,0.018,0.086,0.238,0.04,0.002,0.002,0.012,0,0,0,0.002,0,0.004,0.004,0,0,0,0,0
Shigella sonnei_500,0.466,2.004,0.416,0.71,0.346,0.332,0.226,0.302,1.012,0.6,2.228,0.078,11.868,0.142,3.492,1.818,1.148,0.012,0.136,0.014,4.392,0.064,0.046,0.042,0.042,0.13,2.354,0.106,0.016,0.004,0.16,0.09,0.138,0.008,0.02,0.022,0.05,0.03,0.118,0.006,0.056,0,0.102,0.004,0,0.014,0.07,0.024,0.258,0.334,0.01,0.096,0.008,0.002,0,0.002,0,0,0,0,0.002,0,0.004,0.01,0,0,0,0,0
Slackia isoflavoniconvertens_43,0.093023256,5.325581395,0.139534884,1.279069767,1.093023256,0.069767442,1.348837209,0.697674419,1.186046512,1.069767442,7.162790698,0.023255814,0.860465116,1,0.139534884,0.069767442,0.534883721,0,0.069767442,0.139534884,0.255813953,0.139534884,0,0.023255814,0.302325581,0.976744186,0.76744186,0.11627907,0.023255814,0,0.046511628,0,0.023255814,0,0.069767442,0.023255814,0.046511628,0,0.139534884,0,0.023255814,0,0,0,0,0.023255814,0,0,0,0,0,0.023255814,0.139534884,0,0.023255814,0,0,0,0,0,0,0,0,0,0,0,0,0.046511628,0
Staphylococcus haemolyticus_500,0.116,1.1,0.15,0.516,0.15,0.418,0.07,0.45,0.672,0.612,0.97,0.544,17.532,0.056,0.162,0.066,1.054,0.014,0.038,0.062,5.26,0.072,0.052,0.128,0.006,0.084,1.238,0.14,0.016,0.018,1.116,0.54,0.202,0.046,0.068,0,0.218,0.03,0.008,0.002,0.068,0,0.274,0.056,0.002,0.012,0.712,0.008,0.578,0.06,0.008,0.11,0.016,0.01,0,0,0.026,0.014,0.004,0.002,0,0.008,0.164,0.002,0,0,0.002,0,0
Staphylococcus hominus_28,0,0.178571429,0,0.035714286,0.035714286,0,0,0,0,0.142857143,0.071428571,0.178571429,6.535714286,0,0.714285714,0,0.142857143,0,0,0,0.857142857,0.035714286,0,0.107142857,0,0,0.214285714,0,0,0,0.25,0.035714286,0.107142857,0,0,0,0,0,0,0,0,0,0.107142857,0,0,0,0.321428571,0,0.107142857,0.071428571,0,0.107142857,0,0,0,0,0,0,0,0,0,0,0.035714286,0.035714286,0,0,0,0,0
Stapylococcus epidermidis_44,0.068181818,0.204545455,0.090909091,0.113636364,0.659090909,0,0.068181818,0.204545455,2.409090909,0.454545455,0.909090909,0.681818182,12.09090909,0.068181818,0.045454545,0,0.613636364,0.090909091,0,0.045454545,1.590909091,0,0,0,0,0.159090909,0.727272727,0.022727273,2.772727273,0.022727273,0.5,0.136363636,0.227272727,0.022727273,0.045454545,0,0.5,0.227272727,0,0,0.113636364,0.25,0.159090909,0.022727273,0,0,0.25,0,0.113636364,0,0,0.340909091,0,0.068181818,0,0.022727273,0,0,0.022727273,0,0,0,0.068181818,0,0,0,0,0,0
Streptococcus anginosus_500,0.15,0.676,0.116,1.568,0.55,0.278,0.344,0.992,0.424,0.96,5.478,4.132,12.308,0.24,0.248,0.022,1.448,0.016,0.088,0.062,5.918,0.036,0.028,0.046,0.004,0.106,1.496,0.106,0.008,0.04,1.428,0.314,0.23,0.392,0.042,0.006,0.554,0.002,0.02,0.01,0.274,0,0.09,0.026,0,0.07,1.472,0.014,0.646,0.014,0.012,0.092,0.024,0,0,0,0.014,0.002,0.004,0,0.008,0.106,0.01,0.004,0.002,0,0,0,0
Streptococcus gordonii_500,0.044,1.108,0.216,1.17,0.228,0.062,0.16,0.518,3.176,1.514,4.854,0.298,9.568,0.176,0.3,0.042,1.38,0.1,0.042,0.014,4.7,0.114,0.072,0.014,0.006,0.132,3.964,0.054,0.022,0.036,0.542,0.078,0.118,0.006,0.044,0.006,0.062,0.012,0.018,0,0.036,0,0.1,0,0,0.002,1.032,0.03,0.224,0.008,0.032,0.052,0.126,0,0.004,0,0.002,0,0.004,0,0.002,0,0.014,0.002,0,0,0.002,0,0
Streptococcus salivarius_500,0.264,15.756,0.448,1.254,1.86,0.306,1.92,1.376,1.908,1.834,4.38,0.216,7.552,0.922,1,0.268,1.242,0.078,0.092,0.094,2.904,0.222,0.384,0.25,0.058,0.358,1.894,0.054,0.146,0.044,0.47,0.08,0.102,0.026,0.592,0.07,0.142,0.318,0.106,0.01,0.154,0,0.056,0.016,0.002,0.008,0.614,0.014,0.172,0.066,0.02,0.034,0.12,0,0.004,0,0.004,0.014,0,0.002,0.002,0.018,0,0,0,0,0.004,0,0
Sutterella massiliensis_27,0.851851852,2,0.333333333,0.037037037,0.851851852,0.185185185,2.925925926,1.925925926,0.037037037,0.592592593,1,0.259259259,4.259259259,1.037037037,0.333333333,0.074074074,0.222222222,0,0.111111111,0,0.333333333,0,0,0.074074074,1.185185185,0.518518519,0.62962963,0.037037037,0,0,0.111111111,0,0,0.074074074,0.037037037,0.074074074,0.037037037,0,0.333333333,0,0.962962963,0,0,0.037037037,0,0,0.222222222,0.037037037,0.111111111,0,0,0.037037037,0,0,0,0,0.074074074,0,0.111111111,0,0.037037037,0,0,0,0,0,0,0,0
Sutterella stercoricanis_17,0.176470588,12.35294118,0.176470588,0.411764706,2.058823529,0.058823529,0.764705882,1.647058824,1.705882353,2.588235294,0.529411765,0.058823529,3,2.882352941,1.764705882,0.117647059,0.823529412,0,0.294117647,0.176470588,0.235294118,0,0,0,0.058823529,0.764705882,1,0.058823529,0,0,0.235294118,0,0.235294118,0.235294118,0.058823529,0.058823529,0,0,1.470588235,0.058823529,0,0,0,0,0,0,0,0,0,0,0.058823529,0,0.235294118,0,0,0,0,0,0,0,0,0,0,0,0,0,0,0,0
Sutterella wadsworthensis_100,0.19,3.22,0.32,0.24,1.87,0.25,1.61,1.31,0.39,1.15,0.92,0.31,3.83,2.17,0.54,0.16,0.43,0,0.04,0.25,1.06,0.25,0.14,0.13,0.22,0.43,0.48,0.06,0.04,0.01,0.41,0.11,0.11,0.02,0.22,0.03,0.03,0.05,0.13,0,0.29,0,0,0.01,0,0.03,0.11,0,0.06,0.14,0,0.01,0.05,0.02,0.53,0,0.03,0.03,0.19,0,0.01,0,0,0,0,0,0,0,0
Turicibacter sanguinis_90,0.088888889,0.633333333,0.377777778,0.866666667,1.866666667,0.022222222,0.8,1.5,0.055555556,0.777777778,0.788888889,0.288888889,5.155555556,0.7,0.811111111,0.111111111,0.822222222,0,0.022222222,0,0.955555556,0,0.022222222,0,0.011111111,0.222222222,0.955555556,0.033333333,0,0.033333333,0.166666667,0.066666667,0.022222222,0,0.022222222,0.044444444,0.022222222,0.022222222,0.111111111,0,0.044444444,0,0,0,0,0.022222222,0.055555556,0,0.022222222,0.011111111,0,0,0.277777778,0,0,0,0,0,0,0,0,0,0,0,0,0,0,0,0
Veillonella atypica_299,0.033444816,0.401337793,0.113712375,0.224080268,0.244147157,0.334448161,0.170568562,0.297658863,0.411371237,0.926421405,1.936454849,0.351170569,2.949832776,0.160535117,0.050167224,0.003344482,0.280936455,0.02006689,0.030100334,0.026755853,1.615384615,0.010033445,0.003344482,0.006688963,0.003344482,0.10367893,0.695652174,0.02006689,0.003344482,0.016722408,0.240802676,0.023411371,0.063545151,0.003344482,0.016722408,0.006688963,0.133779264,0.040133779,0.003344482,0,0.334448161,0,0.006688963,0.003344482,0,0,0.454849498,0.010033445,0.036789298,0.006688963,0.013377926,0.023411371,0.006688963,0,0,0,0,0,0.003344482,0,0,0,0,0,0,0,0,0.003344482,0
Veillonella parvula_500,0.146,1.174,0.214,1.782,1.018,0.512,0.882,1.32,0.482,1.582,3.838,0.42,6.15,0.404,0.366,0.018,0.814,0.054,0.066,0.046,1.654,0.108,0.044,0.212,0.02,0.202,1.17,0.118,0.02,0.038,0.366,0.046,0.09,0.024,0.072,0.016,0.252,0.03,0.032,0.006,0.378,0,0.02,0.004,0,0.08,0.294,0.014,0.116,0.038,0.042,0.04,0.028,0.004,0.042,0,0.012,0,0.048,0,0,0.004,0.002,0.002,0,0,0.002,0.002,0
